1	7.23764
2	7.19355
3	7.12284
4	7.04220
5	6.96053
6	6.88341
7	6.80775
8	6.71717
9	6.62900
10	6.53976
11	6.44976
12	6.37415
13	6.29792
14	6.23216
15	6.17157
16	6.11997
17	6.06612
18	6.02049
19	5.97509
20	5.93775
21	5.90085
22	5.85963
23	5.83018
24	5.79771
25	5.76398
26	5.73477
27	5.70952
28	5.67573
29	5.64424
30	5.60526
31	5.56582
32	5.51993
33	5.46266
34	5.40998
35	5.35725
36	5.31310
37	5.26954
38	5.23017
39	5.18754
40	5.15115
41	5.12003
42	5.08141
43	5.05047
44	5.01065
45	4.98168
46	4.95059
47	4.91329
48	4.87104
49	4.83310
50	4.79165
51	4.75245
52	4.70435
53	4.65685
54	4.60834
55	4.55835
56	4.51735
57	4.46369
58	4.41841
59	4.37892
60	4.33540
61	4.29329
62	4.24496
63	4.20909
64	4.17115
65	4.12971
66	4.09247
67	4.04830
68	4.01419
69	3.97510
70	3.93488
71	3.90058
72	3.86547
73	3.83156
74	3.80483
75	3.77600
76	3.74103
77	3.71717
78	3.68925
79	3.66139
80	3.63926
81	3.61521
82	3.58969
83	3.56635
84	3.54197
85	3.52268
86	3.50197
87	3.48207
88	3.46333
89	3.44674
90	3.42173
91	3.40866
92	3.38377
93	3.36779
94	3.35507
95	3.34048
96	3.32124
97	3.31395
98	3.29204
99	3.29040
100	3.27084
101	3.25300
102	3.24201
103	3.23856
104	3.22299
105	3.20667
106	3.20195
107	3.19007
108	3.17647
109	3.17011
110	3.15642
111	3.14847
112	3.13854
113	3.12831
114	3.12137
115	3.11200
116	3.10567
117	3.09023
118	3.09138
119	3.08010
120	3.06977
121	3.06262
122	3.05333
123	3.05001
124	3.04617
125	3.03818
126	3.02931
127	3.02074
128	3.01989
129	3.01426
130	3.00819
131	2.99683
132	2.99457
133	2.99166
134	2.98653
135	2.98030
136	2.96970
137	2.97246
138	2.96158
139	2.95715
140	2.95323
141	2.94614
142	2.94059
143	2.93799
144	2.93759
145	2.93414
146	2.92116
147	2.92567
148	2.91936
149	2.91758
150	2.91888
151	2.90659
152	2.90709
153	2.89760
154	2.89601
155	2.88546
156	2.88966
157	2.88637
158	2.88680
159	2.88304
160	2.87662
161	2.86823
162	2.87423
163	2.86855
164	2.86643
165	2.86505
166	2.85974
167	2.85987
168	2.85601
169	2.84972
170	2.85192
171	2.84757
172	2.85105
173	2.84462
174	2.84589
175	2.83719
176	2.83392
177	2.83523
178	2.82858
179	2.82974
180	2.82807
181	2.82706
182	2.82796
183	2.82393
184	2.82073
185	2.81713
186	2.81432
187	2.81108
188	2.81079
189	2.80456
190	2.80828
191	2.81914
192	2.81039
193	2.81341
194	2.80499
195	2.80605
196	2.80163
197	2.80154
198	2.79544
199	2.79804
200	2.79502
201	2.79822
202	2.79344
203	2.80069
204	2.79384
205	2.79461
206	2.78857
207	2.79118
208	2.78497
209	2.78717
210	2.77975
211	2.77865
212	2.78134
213	2.77508
214	2.77862
215	2.77668
216	2.77293
217	2.77820
218	2.76988
219	2.77663
220	2.77123
221	2.77177
222	2.76840
223	2.76989
224	2.76873
225	2.76954
226	2.76668
227	2.75932
228	2.75733
229	2.75765
230	2.75535
231	2.75568
232	2.75455
233	2.75748
234	2.75471
235	2.75531
236	2.75273
237	2.74627
238	2.75291
239	2.74608
240	2.74512
241	2.74826
242	2.74611
243	2.74049
244	2.74499
245	2.74304
246	2.73930
247	2.74137
248	2.74054
249	2.74431
250	2.74174
251	2.73938
252	2.73653
253	2.74372
254	2.74169
255	2.73815
256	2.73618
257	2.73350
258	2.73295
259	2.73576
260	2.73388
261	2.73787
262	2.74257
263	2.73145
264	2.73635
265	2.73026
266	2.72482
267	2.73194
268	2.72860
269	2.73149
270	2.72716
271	2.73133
272	2.72910
273	2.72391
274	2.72655
275	2.72221
276	2.72232
277	2.72395
278	2.72174
279	2.72146
280	2.72289
281	2.72080
282	2.71660
283	2.71586
284	2.72064
285	2.71372
286	2.71813
287	2.72675
288	2.71203
289	2.71419
290	2.71602
291	2.71621
292	2.71752
293	2.71302
294	2.71537
295	2.71136
296	2.71231
297	2.70988
298	2.70906
299	2.71350
300	2.70767
301	2.70746
302	2.71038
303	2.70921
304	2.71746
305	2.70975
306	2.71023
307	2.70824
308	2.70632
309	2.70744
310	2.71260
311	2.70581
312	2.70711
313	2.70543
314	2.70425
315	2.70312
316	2.70979
317	2.70318
318	2.70544
319	2.70550
320	2.70245
321	2.70550
322	2.70085
323	2.70643
324	2.70433
325	2.70407
326	2.70236
327	2.69937
328	2.70421
329	2.70202
330	2.70257
331	2.69952
332	2.69881
333	2.70027
334	2.69920
335	2.69784
336	2.70168
337	2.70029
338	2.69956
339	2.70241
340	2.69644
341	2.69536
342	2.70115
343	2.69984
344	2.69555
345	2.69477
346	2.69045
347	2.69739
348	2.69096
349	2.69250
350	2.69538
351	2.69741
352	2.69503
353	2.69080
354	2.70069
355	2.69473
356	2.69918
357	2.69347
358	2.69189
359	2.69528
360	2.69500
361	2.69545
362	2.69077
363	2.69146
364	2.69249
365	2.69535
366	2.69324
367	2.69109
368	2.69531
369	2.69307
370	2.69275
371	2.69419
372	2.69031
373	2.68848
374	2.69235
375	2.69148
376	2.68794
377	2.68324
378	2.69161
379	2.69249
380	2.68796
381	2.69300
382	2.69140
383	2.68556
384	2.68604
385	2.69034
386	2.68669
387	2.69032
388	2.68836
389	2.68894
390	2.68893
391	2.68636
392	2.68615
393	2.68911
394	2.68780
395	2.68509
396	2.68594
397	2.68275
398	2.69060
399	2.68674
400	2.68728
401	2.68732
402	2.68008
403	2.68003
404	2.68570
405	2.68991
406	2.68062
407	2.67747
408	2.68393
409	2.67853
410	2.68183
411	2.68406
412	2.68318
413	2.68440
414	2.68153
415	2.68407
416	2.68698
417	2.68239
418	2.68149
419	2.68348
420	2.68649
421	2.67932
422	2.68461
423	2.67964
424	2.68360
425	2.68407
426	2.68700
427	2.67905
428	2.68224
429	2.67858
430	2.68160
431	2.68406
432	2.68807
433	2.68229
434	2.68237
435	2.68326
436	2.67889
437	2.68142
438	2.67927
439	2.68198
440	2.67994
441	2.68608
442	2.68106
443	2.67688
444	2.68226
445	2.68148
446	2.67851
447	2.68597
448	2.67946
449	2.67251
450	2.67950
451	2.67727
452	2.67703
453	2.67937
454	2.67652
455	2.67890
456	2.67930
457	2.67940
458	2.67908
459	2.67815
460	2.67803
461	2.67541
462	2.67516
463	2.67147
464	2.68142
465	2.67794
466	2.67787
467	2.68040
468	2.67729
469	2.67704
470	2.67485
471	2.67391
472	2.67426
473	2.67466
474	2.67761
475	2.67366
476	2.67338
477	2.67799
478	2.67518
479	2.67727
480	2.67721
481	2.67504
482	2.67416
483	2.67864
484	2.67667
485	2.67593
486	2.67496
487	2.67715
488	2.66971
489	2.67743
490	2.67501
491	2.67264
492	2.67255
493	2.67674
494	2.67435
495	2.67271
496	2.66942
497	2.67307
498	2.67332
499	2.67466
500	2.66968
501	2.67808
502	2.67368
503	2.67430
504	2.67491
505	2.67340
506	2.67913
507	2.67485
508	2.67630
509	2.67859
510	2.67563
511	2.67349
512	2.67281
513	2.66798
514	2.67196
515	2.67499
516	2.66990
517	2.67407
518	2.67344
519	2.66783
520	2.67356
521	2.66840
522	2.66986
523	2.66687
524	2.67278
525	2.67466
526	2.67112
527	2.67185
528	2.66918
529	2.66761
530	2.67243
531	2.67304
532	2.67106
533	2.66467
534	2.67170
535	2.67337
536	2.67389
537	2.66768
538	2.67058
539	2.67121
540	2.66696
541	2.66986
542	2.67100
543	2.67538
544	2.66746
545	2.67425
546	2.67069
547	2.66836
548	2.67105
549	2.66987
550	2.66604
551	2.66941
552	2.66492
553	2.66964
554	2.66982
555	2.67270
556	2.66808
557	2.66953
558	2.66974
559	2.66636
560	2.66783
561	2.66810
562	2.67147
563	2.67027
564	2.67006
565	2.66481
566	2.66765
567	2.66926
568	2.66955
569	2.67458
570	2.66574
571	2.67227
572	2.67135
573	2.67393
574	2.66868
575	2.67030
576	2.66362
577	2.66120
578	2.66042
579	2.67192
580	2.67271
581	2.66376
582	2.66755
583	2.66573
584	2.66796
585	2.66870
586	2.67382
587	2.66794
588	2.66346
589	2.66775
590	2.66897
591	2.66055
592	2.66806
593	2.66405
594	2.66456
595	2.66004
596	2.66521
597	2.66209
598	2.66060
599	2.66529
600	2.66718
601	2.66962
602	2.66660
603	2.66708
604	2.66471
605	2.66240
606	2.66496
607	2.66465
608	2.66528
609	2.66629
610	2.66810
611	2.66816
612	2.66963
613	2.66670
614	2.66221
615	2.66631
616	2.66656
617	2.66591
618	2.66470
619	2.66459
620	2.66566
621	2.66089
622	2.66609
623	2.66461
624	2.66334
625	2.66645
626	2.66586
627	2.66950
628	2.65987
629	2.66493
630	2.66623
631	2.66398
632	2.65980
633	2.66338
634	2.66821
635	2.66285
636	2.66272
637	2.65971
638	2.66381
639	2.66313
640	2.66148
641	2.66424
642	2.66879
643	2.66016
644	2.66321
645	2.66598
646	2.66651
647	2.66479
648	2.66704
649	2.66095
650	2.66116
651	2.66358
652	2.66252
653	2.66486
654	2.66242
655	2.66140
656	2.66552
657	2.66716
658	2.66129
659	2.65998
660	2.65807
661	2.65969
662	2.65941
663	2.66513
664	2.66215
665	2.66257
666	2.66068
667	2.66344
668	2.66552
669	2.66399
670	2.66368
671	2.65867
672	2.66582
673	2.65836
674	2.66154
675	2.66053
676	2.65800
677	2.65738
678	2.66191
679	2.66318
680	2.66050
681	2.66407
682	2.65907
683	2.66276
684	2.65894
685	2.66139
686	2.66524
687	2.65395
688	2.66071
689	2.66291
690	2.66399
691	2.65530
692	2.65581
693	2.66308
694	2.66121
695	2.66165
696	2.66660
697	2.65761
698	2.65884
699	2.66691
700	2.66061
701	2.66283
702	2.65547
703	2.66403
704	2.65959
705	2.66208
706	2.65845
707	2.66314
708	2.66125
709	2.66211
710	2.65806
711	2.66016
712	2.65528
713	2.66177
714	2.66169
715	2.66251
716	2.65619
717	2.65870
718	2.65782
719	2.65943
720	2.66083
721	2.66284
722	2.66171
723	2.65445
724	2.66121
725	2.65990
726	2.65596
727	2.66491
728	2.65654
729	2.65690
730	2.65882
731	2.66258
732	2.66005
733	2.65626
734	2.65871
735	2.65912
736	2.66011
737	2.65902
738	2.65395
739	2.65674
740	2.65724
741	2.65629
742	2.66476
743	2.66176
744	2.65562
745	2.66306
746	2.66047
747	2.65803
748	2.66001
749	2.66054
750	2.66322
751	2.66235
752	2.65618
753	2.65578
754	2.65715
755	2.65645
756	2.65878
757	2.66151
758	2.65857
759	2.65298
760	2.66233
761	2.65944
762	2.65786
763	2.65828
764	2.66080
765	2.66145
766	2.65362
767	2.66173
768	2.66152
769	2.65636
770	2.65906
771	2.65546
772	2.65958
773	2.65817
774	2.65702
775	2.65556
776	2.65330
777	2.66149
778	2.66131
779	2.65975
780	2.65628
781	2.65521
782	2.66131
783	2.66127
784	2.65863
785	2.66219
786	2.65694
787	2.65914
788	2.65998
789	2.66291
790	2.65812
791	2.65675
792	2.66030
793	2.66138
794	2.66053
795	2.65956
796	2.65541
797	2.65853
798	2.66120
799	2.66032
800	2.65369
801	2.65105
802	2.65597
803	2.65806
804	2.65466
805	2.65873
806	2.65422
807	2.65731
808	2.65674
809	2.65630
810	2.65287
811	2.65823
812	2.65461
813	2.66183
814	2.66024
815	2.65932
816	2.65558
817	2.65560
818	2.65432
819	2.65485
820	2.66076
821	2.65554
822	2.65726
823	2.65715
824	2.65571
825	2.65503
826	2.66352
827	2.65793
828	2.65702
829	2.66294
830	2.65663
831	2.65636
832	2.65601
833	2.65723
834	2.65726
835	2.65950
836	2.65990
837	2.65612
838	2.65610
839	2.65567
840	2.65537
841	2.65918
842	2.65508
843	2.65700
844	2.66035
845	2.66065
846	2.65687
847	2.65668
848	2.64994
849	2.65297
850	2.65353
851	2.66001
852	2.65745
853	2.65633
854	2.65035
855	2.65629
856	2.65804
857	2.65824
858	2.65663
859	2.65897
860	2.65068
861	2.65998
862	2.65265
863	2.65224
864	2.65520
865	2.65717
866	2.64784
867	2.65827
868	2.65403
869	2.65550
870	2.65553
871	2.65860
872	2.65311
873	2.65396
874	2.65501
875	2.65282
876	2.66099
877	2.65800
878	2.65884
879	2.65430
880	2.65446
881	2.65418
882	2.65661
883	2.65494
884	2.65353
885	2.65635
886	2.65533
887	2.65244
888	2.65511
889	2.65441
890	2.65678
891	2.65854
892	2.65347
893	2.65454
894	2.65931
895	2.65455
896	2.65540
897	2.65522
898	2.65174
899	2.65349
900	2.65693
901	2.65459
902	2.65082
903	2.65518
904	2.65529
905	2.65818
906	2.65290
907	2.66045
908	2.65456
909	2.65094
910	2.65151
911	2.65207
912	2.64897
913	2.65245
914	2.65495
915	2.65378
916	2.65457
917	2.65036
918	2.65404
919	2.65475
920	2.65724
921	2.65108
922	2.65378
923	2.65535
924	2.65266
925	2.65496
926	2.65315
927	2.65394
928	2.65333
929	2.65296
930	2.64960
931	2.64606
932	2.65787
933	2.64964
934	2.65378
935	2.65079
936	2.65525
937	2.65898
938	2.65480
939	2.66068
940	2.65519
941	2.65008
942	2.65403
943	2.65798
944	2.65091
945	2.65706
946	2.64983
947	2.65251
948	2.65180
949	2.65004
950	2.64827
951	2.65322
952	2.65053
953	2.64986
954	2.65335
955	2.65123
956	2.65015
957	2.65394
958	2.65064
959	2.65699
960	2.65440
961	2.65624
962	2.65124
963	2.65393
964	2.65253
965	2.64808
966	2.65108
967	2.64812
968	2.65495
969	2.65127
970	2.65394
971	2.65041
972	2.65183
973	2.65245
974	2.65321
975	2.65049
976	2.64829
977	2.65005
978	2.64865
979	2.64896
980	2.65217
981	2.65162
982	2.65522
983	2.65590
984	2.65109
985	2.65193
986	2.64678
987	2.65523
988	2.65187
989	2.65659
990	2.65138
991	2.65278
992	2.64814
993	2.65364
994	2.64802
995	2.65353
996	2.65353
997	2.64711
998	2.65233
999	2.65355
1000	2.65344
1001	2.65169
1002	2.65044
1003	2.65075
1004	2.65403
1005	2.64939
1006	2.65063
1007	2.64814
1008	2.64706
1009	2.65204
1010	2.65213
1011	2.64951
1012	2.65339
1013	2.65457
1014	2.64899
1015	2.64655
1016	2.65152
1017	2.65365
1018	2.65342
1019	2.65024
1020	2.65602
1021	2.64998
1022	2.65012
1023	2.65045
1024	2.65215
1025	2.65118
1026	2.64571
1027	2.64949
1028	2.65124
1029	2.64908
1030	2.65051
1031	2.65260
1032	2.64809
1033	2.64983
1034	2.65449
1035	2.64710
1036	2.65122
1037	2.64798
1038	2.64983
1039	2.64950
1040	2.64898
1041	2.65173
1042	2.64784
1043	2.64566
1044	2.64975
1045	2.65024
1046	2.65297
1047	2.65055
1048	2.65035
1049	2.65351
1050	2.65134
1051	2.64685
1052	2.65458
1053	2.65130
1054	2.64787
1055	2.65404
1056	2.65046
1057	2.65112
1058	2.65501
1059	2.65064
1060	2.64649
1061	2.64802
1062	2.64902
1063	2.64882
1064	2.65124
1065	2.65025
1066	2.64744
1067	2.65061
1068	2.64792
1069	2.65151
1070	2.65637
1071	2.65221
1072	2.65078
1073	2.65116
1074	2.65673
1075	2.65139
1076	2.65262
1077	2.64842
1078	2.65055
1079	2.65523
1080	2.65520
1081	2.65120
1082	2.65149
1083	2.65151
1084	2.64593
1085	2.65746
1086	2.64549
1087	2.65109
1088	2.65346
1089	2.64905
1090	2.65218
1091	2.64878
1092	2.64650
1093	2.65175
1094	2.64743
1095	2.65312
1096	2.64261
1097	2.65091
1098	2.65220
1099	2.65475
1100	2.64786
1101	2.64918
1102	2.64599
1103	2.64816
1104	2.64607
1105	2.64883
1106	2.64832
1107	2.65157
1108	2.65181
1109	2.64735
1110	2.64472
1111	2.64895
1112	2.65113
1113	2.65241
1114	2.65210
1115	2.65209
1116	2.64750
1117	2.64807
1118	2.65570
1119	2.64925
1120	2.65150
1121	2.64881
1122	2.65191
1123	2.65064
1124	2.65390
1125	2.65148
1126	2.65484
1127	2.65035
1128	2.65068
1129	2.64543
1130	2.64277
1131	2.65365
1132	2.65058
1133	2.65098
1134	2.65209
1135	2.65101
1136	2.64611
1137	2.64693
1138	2.64747
1139	2.64641
1140	2.64257
1141	2.65328
1142	2.64525
1143	2.64915
1144	2.65346
1145	2.65076
1146	2.65540
1147	2.64961
1148	2.64761
1149	2.65241
1150	2.64774
1151	2.65119
1152	2.64953
1153	2.65015
1154	2.64662
1155	2.64606
1156	2.64855
1157	2.64502
1158	2.65438
1159	2.65555
1160	2.64492
1161	2.64349
1162	2.64789
1163	2.65019
1164	2.64936
1165	2.65306
1166	2.64528
1167	2.64735
1168	2.64847
1169	2.64831
1170	2.64745
1171	2.64342
1172	2.65155
1173	2.64612
1174	2.64856
1175	2.64349
1176	2.64751
1177	2.64620
1178	2.65103
1179	2.64613
1180	2.64909
1181	2.65151
1182	2.64895
1183	2.64444
1184	2.64362
1185	2.64806
1186	2.64990
1187	2.64556
1188	2.64676
1189	2.65106
1190	2.64696
1191	2.64497
1192	2.64341
1193	2.64933
1194	2.64623
1195	2.64889
1196	2.64974
1197	2.64957
1198	2.64817
1199	2.65011
1200	2.64869
1201	2.65210
1202	2.64928
1203	2.64440
1204	2.65359
1205	2.65164
1206	2.64998
1207	2.64965
1208	2.64984
1209	2.64866
1210	2.64700
1211	2.64773
1212	2.64528
1213	2.64573
1214	2.64982
1215	2.64751
1216	2.64906
1217	2.64770
1218	2.64180
1219	2.64387
1220	2.64607
1221	2.65127
1222	2.64986
1223	2.64933
1224	2.65286
1225	2.64534
1226	2.64933
1227	2.64065
1228	2.64778
1229	2.64632
1230	2.65117
1231	2.64471
1232	2.65381
1233	2.64603
1234	2.64793
1235	2.64980
1236	2.64385
1237	2.64675
1238	2.65043
1239	2.64550
1240	2.65054
1241	2.64763
1242	2.64771
1243	2.64690
1244	2.64395
1245	2.64835
1246	2.64617
1247	2.64295
1248	2.64843
1249	2.64908
1250	2.65046
1251	2.64834
1252	2.64637
1253	2.64428
1254	2.64286
1255	2.64309
1256	2.65079
1257	2.64901
1258	2.64480
1259	2.64277
1260	2.64619
1261	2.64462
1262	2.64565
1263	2.64698
1264	2.64345
1265	2.64610
1266	2.64397
1267	2.64925
1268	2.64664
1269	2.64572
1270	2.64135
1271	2.64618
1272	2.64769
1273	2.64987
1274	2.64198
1275	2.64400
1276	2.64683
1277	2.65027
1278	2.64763
1279	2.64605
1280	2.64290
1281	2.64392
1282	2.64386
1283	2.64309
1284	2.64712
1285	2.64795
1286	2.64563
1287	2.64428
1288	2.64728
1289	2.63819
1290	2.64963
1291	2.63897
1292	2.64634
1293	2.64516
1294	2.64773
1295	2.64358
1296	2.64143
1297	2.65005
1298	2.64661
1299	2.64166
1300	2.64939
1301	2.64940
1302	2.64587
1303	2.64266
1304	2.64948
1305	2.64431
1306	2.64730
1307	2.64625
1308	2.64596
1309	2.64309
1310	2.64718
1311	2.64733
1312	2.64439
1313	2.64261
1314	2.64579
1315	2.64638
1316	2.64333
1317	2.64824
1318	2.64629
1319	2.64242
1320	2.64224
1321	2.64594
1322	2.65014
1323	2.64967
1324	2.63879
1325	2.65017
1326	2.64633
1327	2.64457
1328	2.64366
1329	2.64606
1330	2.64731
1331	2.64442
1332	2.64439
1333	2.64190
1334	2.64436
1335	2.64785
1336	2.64367
1337	2.64296
1338	2.64092
1339	2.64344
1340	2.64502
1341	2.64303
1342	2.64720
1343	2.64229
1344	2.64717
1345	2.64842
1346	2.64236
1347	2.64081
1348	2.64371
1349	2.64496
1350	2.63691
1351	2.64247
1352	2.63864
1353	2.64718
1354	2.64514
1355	2.63984
1356	2.64217
1357	2.64597
1358	2.64315
1359	2.64922
1360	2.64348
1361	2.64250
1362	2.64376
1363	2.64574
1364	2.64363
1365	2.64133
1366	2.64747
1367	2.64455
1368	2.64722
1369	2.64473
1370	2.64452
1371	2.64420
1372	2.64287
1373	2.63997
1374	2.64276
1375	2.64545
1376	2.63918
1377	2.64271
1378	2.63983
1379	2.64519
1380	2.64417
1381	2.64156
1382	2.64330
1383	2.64627
1384	2.63917
1385	2.64282
1386	2.64144
1387	2.64329
1388	2.64457
1389	2.64493
1390	2.64440
1391	2.64165
1392	2.63856
1393	2.64278
1394	2.64532
1395	2.63918
1396	2.63944
1397	2.64258
1398	2.64682
1399	2.64112
1400	2.64291
1401	2.64163
1402	2.64314
1403	2.64215
1404	2.64446
1405	2.64434
1406	2.64117
1407	2.64679
1408	2.64337
1409	2.64340
1410	2.64628
1411	2.63711
1412	2.63481
1413	2.63947
1414	2.63740
1415	2.64247
1416	2.64315
1417	2.64471
1418	2.64390
1419	2.64129
1420	2.63947
1421	2.64641
1422	2.64380
1423	2.63982
1424	2.64679
1425	2.64474
1426	2.64505
1427	2.64354
1428	2.64262
1429	2.63987
1430	2.64384
1431	2.63992
1432	2.64205
1433	2.64473
1434	2.64559
1435	2.64328
1436	2.64118
1437	2.64056
1438	2.63839
1439	2.63811
1440	2.64162
1441	2.63541
1442	2.63772
1443	2.64005
1444	2.64223
1445	2.64445
1446	2.64068
1447	2.64292
1448	2.64028
1449	2.64033
1450	2.63991
1451	2.64613
1452	2.63963
1453	2.64501
1454	2.63990
1455	2.63758
1456	2.64059
1457	2.64127
1458	2.63991
1459	2.63867
1460	2.63932
1461	2.64125
1462	2.63919
1463	2.64402
1464	2.63956
1465	2.64341
1466	2.64018
1467	2.64023
1468	2.64018
1469	2.63830
1470	2.63978
1471	2.63983
1472	2.63860
1473	2.64002
1474	2.64359
1475	2.64467
1476	2.63594
1477	2.64169
1478	2.63385
1479	2.64701
1480	2.64160
1481	2.63371
1482	2.63628
1483	2.64097
1484	2.64197
1485	2.64383
1486	2.64275
1487	2.63712
1488	2.63906
1489	2.64035
1490	2.64242
1491	2.64182
1492	2.64152
1493	2.63610
1494	2.64335
1495	2.64053
1496	2.64096
1497	2.64327
1498	2.64159
1499	2.63719
1500	2.64322
1501	2.64547
1502	2.63977
1503	2.64257
1504	2.64237
1505	2.63930
1506	2.64014
1507	2.64315
1508	2.63653
1509	2.64302
1510	2.64453
1511	2.64451
1512	2.63596
1513	2.64274
1514	2.63904
1515	2.63648
1516	2.63662
1517	2.64225
1518	2.63480
1519	2.64123
1520	2.64330
1521	2.63970
1522	2.63882
1523	2.64518
1524	2.64268
1525	2.63930
1526	2.64191
1527	2.63925
1528	2.63690
1529	2.63874
1530	2.63678
1531	2.64473
1532	2.63720
1533	2.64099
1534	2.63717
1535	2.64082
1536	2.63989
1537	2.64146
1538	2.64056
1539	2.64187
1540	2.63851
1541	2.63990
1542	2.63735
1543	2.63944
1544	2.63931
1545	2.63618
1546	2.63952
1547	2.64223
1548	2.64166
1549	2.63833
1550	2.63873
1551	2.63885
1552	2.64573
1553	2.64162
1554	2.63940
1555	2.63465
1556	2.64304
1557	2.63681
1558	2.63717
1559	2.64265
1560	2.63796
1561	2.63111
1562	2.63879
1563	2.63979
1564	2.63992
1565	2.63736
1566	2.63864
1567	2.63467
1568	2.64090
1569	2.63784
1570	2.64182
1571	2.63621
1572	2.63864
1573	2.63742
1574	2.64291
1575	2.63839
1576	2.63669
1577	2.64302
1578	2.64067
1579	2.63925
1580	2.63390
1581	2.64061
1582	2.64090
1583	2.63884
1584	2.64200
1585	2.63242
1586	2.63351
1587	2.63628
1588	2.63915
1589	2.63906
1590	2.64206
1591	2.63658
1592	2.63730
1593	2.63979
1594	2.64452
1595	2.64226
1596	2.64599
1597	2.63760
1598	2.64130
1599	2.63914
1600	2.63977
1601	2.63782
1602	2.64065
1603	2.63642
1604	2.63941
1605	2.63673
1606	2.63945
1607	2.63834
1608	2.64043
1609	2.64317
1610	2.63960
1611	2.64146
1612	2.64301
1613	2.63958
1614	2.63661
1615	2.63963
1616	2.63857
1617	2.63851
1618	2.64068
1619	2.63720
1620	2.63858
1621	2.63840
1622	2.63699
1623	2.63576
1624	2.64467
1625	2.63656
1626	2.63598
1627	2.63777
1628	2.64099
1629	2.63948
1630	2.64000
1631	2.64214
1632	2.63914
1633	2.63699
1634	2.63691
1635	2.63888
1636	2.63812
1637	2.63846
1638	2.64204
1639	2.63397
1640	2.63858
1641	2.63685
1642	2.63533
1643	2.63649
1644	2.63773
1645	2.63276
1646	2.63841
1647	2.63350
1648	2.63266
1649	2.63600
1650	2.63570
1651	2.63916
1652	2.63881
1653	2.63782
1654	2.63688
1655	2.63724
1656	2.63603
1657	2.63413
1658	2.63719
1659	2.63953
1660	2.63894
1661	2.63981
1662	2.63978
1663	2.63150
1664	2.63471
1665	2.63650
1666	2.64332
1667	2.63845
1668	2.63511
1669	2.63766
1670	2.63528
1671	2.63698
1672	2.64037
1673	2.63820
1674	2.63646
1675	2.64227
1676	2.63995
1677	2.63839
1678	2.63930
1679	2.63461
1680	2.63680
1681	2.63459
1682	2.63316
1683	2.63950
1684	2.63784
1685	2.63261
1686	2.64193
1687	2.63894
1688	2.63458
1689	2.63669
1690	2.63426
1691	2.63615
1692	2.63554
1693	2.63734
1694	2.64065
1695	2.64003
1696	2.64303
1697	2.63845
1698	2.63643
1699	2.64327
1700	2.63381
1701	2.63951
1702	2.63288
1703	2.63655
1704	2.63452
1705	2.63887
1706	2.63753
1707	2.63667
1708	2.63884
1709	2.64107
1710	2.63529
1711	2.63912
1712	2.64771
1713	2.63492
1714	2.63670
1715	2.63467
1716	2.63601
1717	2.63667
1718	2.64105
1719	2.63650
1720	2.64046
1721	2.63215
1722	2.63377
1723	2.63527
1724	2.63586
1725	2.63522
1726	2.63811
1727	2.63184
1728	2.63958
1729	2.63987
1730	2.63332
1731	2.64041
1732	2.63625
1733	2.63658
1734	2.63847
1735	2.63295
1736	2.64073
1737	2.63752
1738	2.63191
1739	2.63585
1740	2.63575
1741	2.63203
1742	2.63874
1743	2.63488
1744	2.63952
1745	2.63632
1746	2.63159
1747	2.63739
1748	2.63577
1749	2.63482
1750	2.63935
1751	2.63654
1752	2.64046
1753	2.63707
1754	2.63292
1755	2.63507
1756	2.63966
1757	2.63552
1758	2.63726
1759	2.63551
1760	2.63554
1761	2.63862
1762	2.63361
1763	2.63713
1764	2.63509
1765	2.63945
1766	2.63336
1767	2.63824
1768	2.64030
1769	2.63581
1770	2.63557
1771	2.63426
1772	2.63961
1773	2.63464
1774	2.63288
1775	2.62800
1776	2.63951
1777	2.63324
1778	2.63371
1779	2.63972
1780	2.63487
1781	2.63662
1782	2.63471
1783	2.63183
1784	2.63882
1785	2.63398
1786	2.64049
1787	2.63448
1788	2.63860
1789	2.63643
1790	2.63200
1791	2.64241
1792	2.63647
1793	2.63990
1794	2.63412
1795	2.63994
1796	2.63882
1797	2.62566
1798	2.63702
1799	2.63601
1800	2.63469
1801	2.64113
1802	2.63119
1803	2.63630
1804	2.63384
1805	2.63142
1806	2.63880
1807	2.63082
1808	2.63528
1809	2.63869
1810	2.63524
1811	2.63769
1812	2.63627
1813	2.63563
1814	2.63211
1815	2.63375
1816	2.63573
1817	2.63316
1818	2.63578
1819	2.63435
1820	2.64126
1821	2.63571
1822	2.63380
1823	2.63476
1824	2.63024
1825	2.62762
1826	2.63654
1827	2.63627
1828	2.63928
1829	2.63368
1830	2.63026
1831	2.63575
1832	2.63342
1833	2.63351
1834	2.63236
1835	2.62956
1836	2.63181
1837	2.63514
1838	2.63534
1839	2.63767
1840	2.63797
1841	2.63442
1842	2.63305
1843	2.63327
1844	2.63913
1845	2.63168
1846	2.63508
1847	2.63453
1848	2.63538
1849	2.63122
1850	2.63399
1851	2.63806
1852	2.63051
1853	2.63116
1854	2.63018
1855	2.63320
1856	2.63160
1857	2.63184
1858	2.63093
1859	2.63394
1860	2.63441
1861	2.63193
1862	2.63214
1863	2.63777
1864	2.63473
1865	2.62874
1866	2.63275
1867	2.63824
1868	2.63466
1869	2.63175
1870	2.63470
1871	2.63301
1872	2.63134
1873	2.63993
1874	2.63776
1875	2.63481
1876	2.63583
1877	2.62815
1878	2.63647
1879	2.63635
1880	2.63329
1881	2.63298
1882	2.63702
1883	2.62600
1884	2.63500
1885	2.63381
1886	2.63566
1887	2.63397
1888	2.63431
1889	2.63108
1890	2.63005
1891	2.63598
1892	2.63469
1893	2.63578
1894	2.63211
1895	2.63696
1896	2.63204
1897	2.63316
1898	2.62998
1899	2.63035
1900	2.63398
1901	2.63156
1902	2.63466
1903	2.63549
1904	2.62882
1905	2.63757
1906	2.63970
1907	2.63680
1908	2.63635
1909	2.63835
1910	2.63299
1911	2.63901
1912	2.62980
1913	2.63356
1914	2.62761
1915	2.63553
1916	2.63267
1917	2.63107
1918	2.63379
1919	2.63312
1920	2.63780
1921	2.63296
1922	2.63329
1923	2.63184
1924	2.63946
1925	2.63210
1926	2.63130
1927	2.63609
1928	2.63215
1929	2.63329
1930	2.62860
1931	2.63365
1932	2.63033
1933	2.63537
1934	2.62898
1935	2.62997
1936	2.63398
1937	2.63250
1938	2.63039
1939	2.63310
1940	2.63267
1941	2.63182
1942	2.62880
1943	2.63336
1944	2.63438
1945	2.62778
1946	2.63098
1947	2.62923
1948	2.62790
1949	2.63117
1950	2.63209
1951	2.63461
1952	2.63227
1953	2.63476
1954	2.63069
1955	2.63415
1956	2.63737
1957	2.63421
1958	2.63570
1959	2.62672
1960	2.63403
1961	2.63550
1962	2.63061
1963	2.62889
1964	2.63331
1965	2.63449
1966	2.62775
1967	2.63162
1968	2.63492
1969	2.63816
1970	2.63484
1971	2.62952
1972	2.63364
1973	2.63466
1974	2.62612
1975	2.63366
1976	2.63515
1977	2.63403
1978	2.63040
1979	2.63428
1980	2.62846
1981	2.63018
1982	2.63330
1983	2.63034
1984	2.63373
1985	2.63323
1986	2.63259
1987	2.63260
1988	2.62900
1989	2.63293
1990	2.63164
1991	2.63325
1992	2.62993
1993	2.63099
1994	2.62420
1995	2.62633
1996	2.62941
1997	2.62925
1998	2.63299
1999	2.63138
2000	2.63213
2001	2.63110
2002	2.63692
2003	2.63837
2004	2.62992
2005	2.63323
2006	2.63204
2007	2.63077
2008	2.62805
2009	2.63238
2010	2.63352
2011	2.63039
2012	2.63144
2013	2.63352
2014	2.63089
2015	2.63501
2016	2.62793
2017	2.63282
2018	2.63400
2019	2.63395
2020	2.63406
2021	2.63395
2022	2.62901
2023	2.62762
2024	2.63098
2025	2.62711
2026	2.63523
2027	2.63071
2028	2.63113
2029	2.62763
2030	2.62962
2031	2.62785
2032	2.63456
2033	2.62921
2034	2.63027
2035	2.63019
2036	2.62936
2037	2.62616
2038	2.63024
2039	2.63216
2040	2.63457
2041	2.63207
2042	2.63223
2043	2.63267
2044	2.62881
2045	2.63051
2046	2.63187
2047	2.63025
2048	2.63473
2049	2.63567
2050	2.63035
2051	2.63105
2052	2.62944
2053	2.63373
2054	2.63470
2055	2.62878
2056	2.63238
2057	2.63538
2058	2.63122
2059	2.62803
2060	2.63113
2061	2.62751
2062	2.63094
2063	2.62804
2064	2.63101
2065	2.62440
2066	2.63156
2067	2.63019
2068	2.63141
2069	2.62959
2070	2.63050
2071	2.62757
2072	2.63079
2073	2.62846
2074	2.62745
2075	2.63688
2076	2.62810
2077	2.62975
2078	2.63037
2079	2.62918
2080	2.63313
2081	2.62721
2082	2.63489
2083	2.63302
2084	2.63730
2085	2.63179
2086	2.63362
2087	2.63082
2088	2.63129
2089	2.62903
2090	2.62962
2091	2.62585
2092	2.62729
2093	2.62705
2094	2.62750
2095	2.63041
2096	2.63051
2097	2.62945
2098	2.62375
2099	2.63490
2100	2.62785
2101	2.62868
2102	2.62926
2103	2.62853
2104	2.63067
2105	2.62743
2106	2.62663
2107	2.63216
2108	2.62718
2109	2.62794
2110	2.62608
2111	2.63158
2112	2.62781
2113	2.63199
2114	2.62835
2115	2.63367
2116	2.63233
2117	2.63200
2118	2.62705
2119	2.63671
2120	2.63522
2121	2.62901
2122	2.63033
2123	2.63273
2124	2.63345
2125	2.63067
2126	2.62609
2127	2.63021
2128	2.62845
2129	2.63185
2130	2.62844
2131	2.62916
2132	2.63095
2133	2.62965
2134	2.63081
2135	2.63330
2136	2.62897
2137	2.62607
2138	2.62790
2139	2.63201
2140	2.62801
2141	2.62573
2142	2.63041
2143	2.63238
2144	2.62828
2145	2.63257
2146	2.62475
2147	2.62250
2148	2.62682
2149	2.62832
2150	2.63239
2151	2.63017
2152	2.62793
2153	2.63599
2154	2.62949
2155	2.62712
2156	2.62906
2157	2.62541
2158	2.63355
2159	2.63097
2160	2.62645
2161	2.62820
2162	2.62935
2163	2.62468
2164	2.62975
2165	2.62865
2166	2.62949
2167	2.62963
2168	2.62887
2169	2.63251
2170	2.62776
2171	2.62930
2172	2.62667
2173	2.63001
2174	2.62791
2175	2.62810
2176	2.62601
2177	2.63033
2178	2.62856
2179	2.62640
2180	2.63415
2181	2.62794
2182	2.63271
2183	2.63002
2184	2.63318
2185	2.62935
2186	2.62701
2187	2.63027
2188	2.62602
2189	2.63223
2190	2.63555
2191	2.63277
2192	2.62686
2193	2.62766
2194	2.62830
2195	2.62598
2196	2.63179
2197	2.62530
2198	2.62937
2199	2.62588
2200	2.63223
2201	2.62591
2202	2.62474
2203	2.62629
2204	2.62685
2205	2.62168
2206	2.62643
2207	2.62746
2208	2.62492
2209	2.63011
2210	2.62972
2211	2.62735
2212	2.62824
2213	2.62994
2214	2.62847
2215	2.62483
2216	2.62992
2217	2.62799
2218	2.62428
2219	2.62656
2220	2.63223
2221	2.62527
2222	2.62782
2223	2.62648
2224	2.63004
2225	2.62553
2226	2.63300
2227	2.62859
2228	2.62864
2229	2.62804
2230	2.63019
2231	2.62598
2232	2.62648
2233	2.62637
2234	2.63179
2235	2.62981
2236	2.62436
2237	2.62933
2238	2.63023
2239	2.63293
2240	2.62587
2241	2.62558
2242	2.62734
2243	2.62648
2244	2.62550
2245	2.62708
2246	2.63119
2247	2.62525
2248	2.62943
2249	2.62483
2250	2.62388
2251	2.62729
2252	2.63115
2253	2.62925
2254	2.62750
2255	2.62839
2256	2.63094
2257	2.62849
2258	2.62398
2259	2.62695
2260	2.62991
2261	2.62818
2262	2.62783
2263	2.62600
2264	2.62535
2265	2.62402
2266	2.62823
2267	2.62232
2268	2.62828
2269	2.62667
2270	2.62771
2271	2.62369
2272	2.62517
2273	2.62996
2274	2.62549
2275	2.62432
2276	2.62090
2277	2.62475
2278	2.62999
2279	2.63031
2280	2.62827
2281	2.62647
2282	2.62905
2283	2.63196
2284	2.62351
2285	2.62454
2286	2.62828
2287	2.62848
2288	2.62950
2289	2.62766
2290	2.63089
2291	2.62351
2292	2.62288
2293	2.62620
2294	2.62245
2295	2.62759
2296	2.62704
2297	2.62457
2298	2.62385
2299	2.63227
2300	2.63022
2301	2.62502
2302	2.62251
2303	2.63094
2304	2.62388
2305	2.62606
2306	2.62886
2307	2.62746
2308	2.63179
2309	2.62840
2310	2.63045
2311	2.62202
2312	2.63273
2313	2.62712
2314	2.62679
2315	2.62991
2316	2.62428
2317	2.62624
2318	2.62904
2319	2.62962
2320	2.62344
2321	2.63087
2322	2.62507
2323	2.62862
2324	2.62536
2325	2.62708
2326	2.62261
2327	2.62724
2328	2.62859
2329	2.62211
2330	2.62355
2331	2.62903
2332	2.63607
2333	2.62782
2334	2.62563
2335	2.62784
2336	2.62300
2337	2.62543
2338	2.62559
2339	2.62849
2340	2.62344
2341	2.62067
2342	2.62862
2343	2.63037
2344	2.62296
2345	2.62812
2346	2.63128
2347	2.62532
2348	2.62376
2349	2.62677
2350	2.62946
2351	2.62774
2352	2.62225
2353	2.62347
2354	2.62522
2355	2.62717
2356	2.62788
2357	2.63089
2358	2.62904
2359	2.62977
2360	2.62500
2361	2.62879
2362	2.63252
2363	2.62382
2364	2.62711
2365	2.62373
2366	2.63149
2367	2.62502
2368	2.62217
2369	2.62531
2370	2.62281
2371	2.62499
2372	2.62964
2373	2.62513
2374	2.62700
2375	2.62585
2376	2.62930
2377	2.62459
2378	2.62319
2379	2.62649
2380	2.62668
2381	2.62356
2382	2.62266
2383	2.62150
2384	2.62973
2385	2.62503
2386	2.62598
2387	2.62476
2388	2.62494
2389	2.62242
2390	2.62287
2391	2.62911
2392	2.62800
2393	2.62290
2394	2.62814
2395	2.62001
2396	2.62646
2397	2.62563
2398	2.62665
2399	2.62325
2400	2.62518
2401	2.62247
2402	2.62472
2403	2.62144
2404	2.62639
2405	2.62498
2406	2.62974
2407	2.62459
2408	2.62558
2409	2.62162
2410	2.62515
2411	2.62604
2412	2.62955
2413	2.62379
2414	2.62057
2415	2.62282
2416	2.62138
2417	2.62484
2418	2.62940
2419	2.62561
2420	2.62412
2421	2.63068
2422	2.62519
2423	2.62897
2424	2.62035
2425	2.62191
2426	2.62298
2427	2.63338
2428	2.62381
2429	2.62212
2430	2.62663
2431	2.62196
2432	2.62574
2433	2.62307
2434	2.61985
2435	2.62698
2436	2.62810
2437	2.62432
2438	2.62830
2439	2.62988
2440	2.62661
2441	2.62368
2442	2.62904
2443	2.62089
2444	2.62042
2445	2.62634
2446	2.62228
2447	2.62341
2448	2.62212
2449	2.62147
2450	2.62742
2451	2.62622
2452	2.62606
2453	2.62181
2454	2.62473
2455	2.62699
2456	2.63164
2457	2.62654
2458	2.62919
2459	2.62553
2460	2.62689
2461	2.62546
2462	2.62292
2463	2.61782
2464	2.62838
2465	2.61945
2466	2.62509
2467	2.62331
2468	2.62379
2469	2.62712
2470	2.62197
2471	2.62479
2472	2.61693
2473	2.62387
2474	2.62279
2475	2.62300
2476	2.62198
2477	2.62487
2478	2.62258
2479	2.62315
2480	2.62213
2481	2.62317
2482	2.62594
2483	2.62368
2484	2.62226
2485	2.62340
2486	2.62067
2487	2.62184
2488	2.62085
2489	2.62847
2490	2.62245
2491	2.62443
2492	2.62381
2493	2.62629
2494	2.62315
2495	2.61765
2496	2.62221
2497	2.61958
2498	2.62270
2499	2.62654
2500	2.62204
2501	2.62311
2502	2.62563
2503	2.62718
2504	2.62457
2505	2.62544
2506	2.62098
2507	2.62647
2508	2.62683
2509	2.62341
2510	2.62252
2511	2.62472
2512	2.63130
2513	2.62039
2514	2.62429
2515	2.62446
2516	2.63027
2517	2.62460
2518	2.62053
2519	2.62257
2520	2.61753
2521	2.62350
2522	2.62807
2523	2.62276
2524	2.62239
2525	2.62075
2526	2.62534
2527	2.62319
2528	2.62083
2529	2.62484
2530	2.62179
2531	2.62205
2532	2.62533
2533	2.62109
2534	2.61735
2535	2.62404
2536	2.62017
2537	2.62609
2538	2.62142
2539	2.62142
2540	2.62271
2541	2.62005
2542	2.61779
2543	2.62196
2544	2.62788
2545	2.62836
2546	2.62440
2547	2.62341
2548	2.62797
2549	2.61814
2550	2.62661
2551	2.62270
2552	2.62027
2553	2.61845
2554	2.62510
2555	2.62539
2556	2.62192
2557	2.62935
2558	2.61759
2559	2.62032
2560	2.62441
2561	2.62330
2562	2.62458
2563	2.61741
2564	2.62191
2565	2.62320
2566	2.62281
2567	2.62465
2568	2.61991
2569	2.62137
2570	2.62737
2571	2.62375
2572	2.62417
2573	2.62178
2574	2.62037
2575	2.62154
2576	2.62482
2577	2.62202
2578	2.62437
2579	2.62111
2580	2.62065
2581	2.62867
2582	2.62237
2583	2.62290
2584	2.62462
2585	2.62198
2586	2.62539
2587	2.62298
2588	2.62630
2589	2.62221
2590	2.62256
2591	2.62239
2592	2.62395
2593	2.62143
2594	2.62182
2595	2.62795
2596	2.62402
2597	2.62584
2598	2.62264
2599	2.62509
2600	2.61793
2601	2.62620
2602	2.61843
2603	2.62267
2604	2.62755
2605	2.62534
2606	2.62014
2607	2.62159
2608	2.61725
2609	2.62786
2610	2.61890
2611	2.62162
2612	2.62381
2613	2.62687
2614	2.61974
2615	2.62864
2616	2.62275
2617	2.61897
2618	2.61943
2619	2.62160
2620	2.62271
2621	2.62609
2622	2.62093
2623	2.62418
2624	2.62102
2625	2.62298
2626	2.62213
2627	2.62040
2628	2.62740
2629	2.62425
2630	2.62426
2631	2.62085
2632	2.62116
2633	2.62158
2634	2.61921
2635	2.62251
2636	2.61995
2637	2.62596
2638	2.62308
2639	2.62022
2640	2.62202
2641	2.62321
2642	2.61941
2643	2.62183
2644	2.62309
2645	2.61838
2646	2.62067
2647	2.62502
2648	2.61731
2649	2.61935
2650	2.62204
2651	2.62077
2652	2.62064
2653	2.62192
2654	2.61783
2655	2.61845
2656	2.62076
2657	2.62028
2658	2.61712
2659	2.62744
2660	2.62052
2661	2.61830
2662	2.61811
2663	2.61980
2664	2.61931
2665	2.62228
2666	2.62055
2667	2.62292
2668	2.62474
2669	2.62314
2670	2.62265
2671	2.61940
2672	2.62117
2673	2.62192
2674	2.62775
2675	2.62397
2676	2.62352
2677	2.62381
2678	2.61662
2679	2.61904
2680	2.61995
2681	2.62104
2682	2.62158
2683	2.62448
2684	2.62390
2685	2.62671
2686	2.62167
2687	2.62701
2688	2.61890
2689	2.61906
2690	2.62262
2691	2.61857
2692	2.61769
2693	2.62765
2694	2.62022
2695	2.62398
2696	2.62169
2697	2.61530
2698	2.62536
2699	2.62166
2700	2.61842
2701	2.62658
2702	2.62164
2703	2.61617
2704	2.62698
2705	2.62217
2706	2.62279
2707	2.61556
2708	2.62307
2709	2.62032
2710	2.61880
2711	2.61789
2712	2.61767
2713	2.61665
2714	2.62309
2715	2.62124
2716	2.62141
2717	2.62415
2718	2.62222
2719	2.61690
2720	2.62127
2721	2.62251
2722	2.61681
2723	2.62501
2724	2.61647
2725	2.62148
2726	2.62243
2727	2.61865
2728	2.62250
2729	2.61460
2730	2.62503
2731	2.62141
2732	2.61934
2733	2.61739
2734	2.61830
2735	2.62184
2736	2.61811
2737	2.62149
2738	2.61821
2739	2.61702
2740	2.61759
2741	2.62132
2742	2.62334
2743	2.61831
2744	2.61972
2745	2.62207
2746	2.62308
2747	2.62208
2748	2.62177
2749	2.61958
2750	2.62326
2751	2.61969
2752	2.62134
2753	2.61545
2754	2.61903
2755	2.62421
2756	2.62397
2757	2.61825
2758	2.61672
2759	2.61889
2760	2.61947
2761	2.61870
2762	2.62256
2763	2.62116
2764	2.62208
2765	2.62620
2766	2.62209
2767	2.61831
2768	2.61754
2769	2.62132
2770	2.62034
2771	2.61931
2772	2.61871
2773	2.62120
2774	2.61805
2775	2.61938
2776	2.61792
2777	2.61676
2778	2.61667
2779	2.61716
2780	2.61901
2781	2.61443
2782	2.61802
2783	2.61719
2784	2.62194
2785	2.62277
2786	2.61433
2787	2.62177
2788	2.61836
2789	2.62180
2790	2.61885
2791	2.61613
2792	2.62767
2793	2.62083
2794	2.61554
2795	2.61849
2796	2.61970
2797	2.61616
2798	2.61928
2799	2.62066
2800	2.61812
2801	2.62255
2802	2.62252
2803	2.62405
2804	2.61810
2805	2.61422
2806	2.61855
2807	2.61775
2808	2.61707
2809	2.61997
2810	2.61952
2811	2.62310
2812	2.61315
2813	2.62087
2814	2.62059
2815	2.62475
2816	2.62318
2817	2.62055
2818	2.61967
2819	2.62539
2820	2.62299
2821	2.61958
2822	2.62401
2823	2.61804
2824	2.62038
2825	2.62074
2826	2.61628
2827	2.61710
2828	2.61624
2829	2.61927
2830	2.62081
2831	2.62068
2832	2.62123
2833	2.61919
2834	2.61662
2835	2.62513
2836	2.62357
2837	2.61850
2838	2.61869
2839	2.61888
2840	2.61307
2841	2.61571
2842	2.62228
2843	2.61724
2844	2.61609
2845	2.61977
2846	2.61957
2847	2.61808
2848	2.61696
2849	2.62035
2850	2.62022
2851	2.62214
2852	2.61670
2853	2.62309
2854	2.61804
2855	2.61698
2856	2.61992
2857	2.61893
2858	2.62167
2859	2.62123
2860	2.62122
2861	2.61986
2862	2.61919
2863	2.61788
2864	2.62032
2865	2.61904
2866	2.62247
2867	2.61984
2868	2.61617
2869	2.61663
2870	2.61521
2871	2.61276
2872	2.61513
2873	2.62047
2874	2.62106
2875	2.61889
2876	2.61759
2877	2.61862
2878	2.61635
2879	2.61694
2880	2.61393
2881	2.62002
2882	2.61675
2883	2.61852
2884	2.61386
2885	2.61471
2886	2.62487
2887	2.61971
2888	2.61546
2889	2.61630
2890	2.61473
2891	2.61793
2892	2.61841
2893	2.62172
2894	2.61627
2895	2.61530
2896	2.61760
2897	2.62119
2898	2.61749
2899	2.61678
2900	2.62121
2901	2.62192
2902	2.61717
2903	2.61749
2904	2.61849
2905	2.61965
2906	2.62038
2907	2.61833
2908	2.62020
2909	2.61709
2910	2.61993
2911	2.61954
2912	2.61778
2913	2.61742
2914	2.62227
2915	2.61759
2916	2.61925
2917	2.61756
2918	2.61788
2919	2.61338
2920	2.61539
2921	2.61241
2922	2.61579
2923	2.61118
2924	2.61603
2925	2.62304
2926	2.61867
2927	2.61499
2928	2.61914
2929	2.61971
2930	2.61838
2931	2.61931
2932	2.61941
2933	2.62491
2934	2.61795
2935	2.62043
2936	2.61787
2937	2.62013
2938	2.61532
2939	2.61728
2940	2.61901
2941	2.61306
2942	2.61656
2943	2.61865
2944	2.62037
2945	2.62250
2946	2.62122
2947	2.61841
2948	2.61855
2949	2.62166
2950	2.62034
2951	2.62146
2952	2.62378
2953	2.61699
2954	2.61447
2955	2.61648
2956	2.61766
2957	2.61798
2958	2.61813
2959	2.61765
2960	2.61970
2961	2.61594
2962	2.61925
2963	2.61754
2964	2.62407
2965	2.61068
2966	2.61895
2967	2.61545
2968	2.61615
2969	2.61909
2970	2.61775
2971	2.61983
2972	2.61388
2973	2.62051
2974	2.61360
2975	2.62068
2976	2.61836
2977	2.61465
2978	2.61832
2979	2.61612
2980	2.61635
2981	2.61803
2982	2.61849
2983	2.61866
2984	2.62526
2985	2.61608
2986	2.61776
2987	2.61475
2988	2.61711
2989	2.61855
2990	2.61315
2991	2.62342
2992	2.61339
2993	2.61781
2994	2.62260
2995	2.61587
2996	2.61418
2997	2.61769
2998	2.61524
2999	2.62091
3000	2.62233
3001	2.62429
3002	2.61859
3003	2.61395
3004	2.61956
3005	2.61584
3006	2.61818
3007	2.61735
3008	2.61111
3009	2.61469
3010	2.61702
3011	2.61485
3012	2.61634
3013	2.61844
3014	2.61474
3015	2.61685
3016	2.61825
3017	2.61550
3018	2.61630
3019	2.61410
3020	2.61903
3021	2.61438
3022	2.61488
3023	2.61535
3024	2.61787
3025	2.61685
3026	2.61394
3027	2.61533
3028	2.61235
3029	2.62740
3030	2.61685
3031	2.62022
3032	2.61728
3033	2.61212
3034	2.61675
3035	2.61558
3036	2.61622
3037	2.61942
3038	2.61560
3039	2.61676
3040	2.61497
3041	2.61961
3042	2.61964
3043	2.61068
3044	2.62195
3045	2.61626
3046	2.62219
3047	2.61343
3048	2.61890
3049	2.61790
3050	2.61210
3051	2.61655
3052	2.61554
3053	2.61611
3054	2.62020
3055	2.61753
3056	2.61568
3057	2.61580
3058	2.61229
3059	2.61941
3060	2.61954
3061	2.61285
3062	2.61320
3063	2.61671
3064	2.61582
3065	2.61685
3066	2.62157
3067	2.61202
3068	2.61790
3069	2.61539
3070	2.61806
3071	2.61837
3072	2.61720
3073	2.61523
3074	2.61834
3075	2.61386
3076	2.61555
3077	2.61832
3078	2.61623
3079	2.61630
3080	2.61572
3081	2.61247
3082	2.61999
3083	2.61423
3084	2.62225
3085	2.61571
3086	2.61303
3087	2.61464
3088	2.61349
3089	2.61719
3090	2.61511
3091	2.61997
3092	2.61848
3093	2.61308
3094	2.61589
3095	2.61850
3096	2.61762
3097	2.61669
3098	2.61626
3099	2.61527
3100	2.61455
3101	2.61882
3102	2.61890
3103	2.61604
3104	2.61876
3105	2.61733
3106	2.61920
3107	2.61032
3108	2.62125
3109	2.61829
3110	2.61911
3111	2.61594
3112	2.61486
3113	2.61437
3114	2.61927
3115	2.61530
3116	2.61493
3117	2.61541
3118	2.61547
3119	2.61635
3120	2.61273
3121	2.61264
3122	2.61208
3123	2.61323
3124	2.61721
3125	2.61591
3126	2.61730
3127	2.61451
3128	2.61755
3129	2.61623
3130	2.61946
3131	2.61389
3132	2.61367
3133	2.61297
3134	2.61876
3135	2.61507
3136	2.61865
3137	2.61368
3138	2.61864
3139	2.61131
3140	2.61649
3141	2.61184
3142	2.61285
3143	2.61978
3144	2.61724
3145	2.61931
3146	2.61497
3147	2.61788
3148	2.61465
3149	2.61828
3150	2.61637
3151	2.61585
3152	2.61537
3153	2.61363
3154	2.61352
3155	2.61591
3156	2.61439
3157	2.61587
3158	2.62066
3159	2.61425
3160	2.61724
3161	2.61069
3162	2.61470
3163	2.61056
3164	2.60978
3165	2.61420
3166	2.61621
3167	2.61571
3168	2.61970
3169	2.61291
3170	2.61763
3171	2.61557
3172	2.61608
3173	2.61987
3174	2.61916
3175	2.61883
3176	2.61539
3177	2.61600
3178	2.62226
3179	2.62150
3180	2.61144
3181	2.61288
3182	2.61495
3183	2.61065
3184	2.61203
3185	2.61298
3186	2.61229
3187	2.61722
3188	2.61237
3189	2.61624
3190	2.62169
3191	2.61135
3192	2.61167
3193	2.61820
3194	2.61994
3195	2.61364
3196	2.60685
3197	2.61969
3198	2.61613
3199	2.61435
3200	2.61192
3201	2.61348
3202	2.61578
3203	2.61106
3204	2.60965
3205	2.61794
3206	2.61255
3207	2.61683
3208	2.61686
3209	2.61422
3210	2.61714
3211	2.60977
3212	2.61735
3213	2.61528
3214	2.61228
3215	2.61840
3216	2.62034
3217	2.61646
3218	2.61957
3219	2.61166
3220	2.61790
3221	2.61419
3222	2.61292
3223	2.61282
3224	2.61244
3225	2.61631
3226	2.62153
3227	2.61428
3228	2.61499
3229	2.61555
3230	2.61374
3231	2.61627
3232	2.60997
3233	2.61493
3234	2.61719
3235	2.62049
3236	2.61764
3237	2.61545
3238	2.61455
3239	2.61137
3240	2.61586
3241	2.60937
3242	2.61038
3243	2.61096
3244	2.60911
3245	2.61764
3246	2.61186
3247	2.61268
3248	2.61515
3249	2.61061
3250	2.61405
3251	2.61749
3252	2.61288
3253	2.61203
3254	2.61913
3255	2.61251
3256	2.61423
3257	2.61251
3258	2.61566
3259	2.62274
3260	2.61342
3261	2.61231
3262	2.61319
3263	2.60906
3264	2.61362
3265	2.61212
3266	2.61221
3267	2.61011
3268	2.61342
3269	2.61095
3270	2.61149
3271	2.61956
3272	2.61609
3273	2.61690
3274	2.61662
3275	2.61371
3276	2.61440
3277	2.61307
3278	2.61395
3279	2.61222
3280	2.61310
3281	2.61727
3282	2.62192
3283	2.61231
3284	2.61578
3285	2.61136
3286	2.61590
3287	2.61378
3288	2.61167
3289	2.62085
3290	2.61293
3291	2.61394
3292	2.61337
3293	2.61642
3294	2.61065
3295	2.61885
3296	2.61504
3297	2.61498
3298	2.61705
3299	2.61356
3300	2.61328
3301	2.61644
3302	2.61623
3303	2.62069
3304	2.61155
3305	2.61202
3306	2.61512
3307	2.61776
3308	2.61836
3309	2.61605
3310	2.60842
3311	2.61073
3312	2.60936
3313	2.61400
3314	2.61694
3315	2.62127
3316	2.61481
3317	2.61292
3318	2.61402
3319	2.61284
3320	2.61332
3321	2.61026
3322	2.61657
3323	2.61279
3324	2.61509
3325	2.61644
3326	2.61257
3327	2.61314
3328	2.60477
3329	2.61355
3330	2.61476
3331	2.61094
3332	2.61289
3333	2.61247
3334	2.61052
3335	2.61381
3336	2.61610
3337	2.61461
3338	2.61485
3339	2.61301
3340	2.61845
3341	2.61559
3342	2.61186
3343	2.61679
3344	2.61157
3345	2.60709
3346	2.61149
3347	2.61202
3348	2.61095
3349	2.61448
3350	2.61334
3351	2.61456
3352	2.62037
3353	2.61486
3354	2.61000
3355	2.61058
3356	2.61216
3357	2.61228
3358	2.61256
3359	2.60817
3360	2.61128
3361	2.61034
3362	2.61786
3363	2.61481
3364	2.61173
3365	2.61600
3366	2.61321
3367	2.61145
3368	2.61310
3369	2.61241
3370	2.61579
3371	2.61359
3372	2.61670
3373	2.61178
3374	2.61007
3375	2.61291
3376	2.61359
3377	2.61730
3378	2.61116
3379	2.60848
3380	2.61361
3381	2.60867
3382	2.61213
3383	2.61376
3384	2.61267
3385	2.61537
3386	2.61454
3387	2.61347
3388	2.61380
3389	2.60831
3390	2.61611
3391	2.61488
3392	2.61380
3393	2.61458
3394	2.61386
3395	2.61288
3396	2.61376
3397	2.60804
3398	2.60898
3399	2.61286
3400	2.61054
3401	2.61424
3402	2.60820
3403	2.61545
3404	2.60560
3405	2.61351
3406	2.60977
3407	2.61727
3408	2.61129
3409	2.60854
3410	2.61531
3411	2.61268
3412	2.61407
3413	2.61033
3414	2.61263
3415	2.60917
3416	2.61249
3417	2.61195
3418	2.61201
3419	2.61078
3420	2.60741
3421	2.61489
3422	2.61456
3423	2.61229
3424	2.60648
3425	2.61213
3426	2.61222
3427	2.61074
3428	2.61232
3429	2.61536
3430	2.61191
3431	2.61293
3432	2.60983
3433	2.61017
3434	2.60927
3435	2.61544
3436	2.60978
3437	2.61406
3438	2.61137
3439	2.61043
3440	2.61170
3441	2.61140
3442	2.61160
3443	2.61491
3444	2.61404
3445	2.61057
3446	2.60944
3447	2.61630
3448	2.61544
3449	2.61402
3450	2.61223
3451	2.60750
3452	2.61110
3453	2.61222
3454	2.61729
3455	2.60628
3456	2.61535
3457	2.61340
3458	2.60753
3459	2.61584
3460	2.60962
3461	2.61031
3462	2.61109
3463	2.61414
3464	2.61041
3465	2.61153
3466	2.61039
3467	2.60779
3468	2.60766
3469	2.61200
3470	2.60579
3471	2.61066
3472	2.60777
3473	2.61218
3474	2.61119
3475	2.61132
3476	2.61063
3477	2.60870
3478	2.61224
3479	2.60970
3480	2.61297
3481	2.60753
3482	2.61449
3483	2.61068
3484	2.60835
3485	2.61193
3486	2.61128
3487	2.61411
3488	2.61134
3489	2.61440
3490	2.60790
3491	2.61916
3492	2.61734
3493	2.61047
3494	2.60842
3495	2.61227
3496	2.61124
3497	2.61843
3498	2.61393
3499	2.61105
3500	2.61532
3501	2.60923
3502	2.61319
3503	2.61326
3504	2.60875
3505	2.60978
3506	2.60943
3507	2.61247
3508	2.61151
3509	2.61483
3510	2.60972
3511	2.60978
3512	2.60864
3513	2.61136
3514	2.61469
3515	2.61157
3516	2.61019
3517	2.61016
3518	2.61280
3519	2.61261
3520	2.61030
3521	2.61208
3522	2.61200
3523	2.61392
3524	2.60838
3525	2.61188
3526	2.61022
3527	2.60549
3528	2.60955
3529	2.60491
3530	2.60888
3531	2.60905
3532	2.61281
3533	2.61751
3534	2.61244
3535	2.60816
3536	2.61161
3537	2.61288
3538	2.60966
3539	2.61399
3540	2.60686
3541	2.60798
3542	2.60921
3543	2.61906
3544	2.60743
3545	2.60948
3546	2.60604
3547	2.60789
3548	2.61229
3549	2.61509
3550	2.61153
3551	2.60826
3552	2.61028
3553	2.61122
3554	2.60967
3555	2.60940
3556	2.60761
3557	2.61609
3558	2.61417
3559	2.61720
3560	2.60950
3561	2.61184
3562	2.61009
3563	2.61106
3564	2.61088
3565	2.61152
3566	2.61023
3567	2.60727
3568	2.61335
3569	2.61473
3570	2.61016
3571	2.61452
3572	2.61040
3573	2.60582
3574	2.61035
3575	2.60710
3576	2.61357
3577	2.61372
3578	2.61183
3579	2.61439
3580	2.60767
3581	2.60698
3582	2.61144
3583	2.60987
3584	2.60511
3585	2.61414
3586	2.60686
3587	2.61123
3588	2.61232
3589	2.60987
3590	2.61291
3591	2.60927
3592	2.61094
3593	2.62009
3594	2.60605
3595	2.61026
3596	2.61052
3597	2.61107
3598	2.60841
3599	2.61592
3600	2.61438
3601	2.61241
3602	2.61337
3603	2.61255
3604	2.60643
3605	2.61150
3606	2.61296
3607	2.61557
3608	2.61160
3609	2.61348
3610	2.60736
3611	2.60774
3612	2.60690
3613	2.61136
3614	2.61232
3615	2.60592
3616	2.60740
3617	2.61184
3618	2.61094
3619	2.60900
3620	2.60761
3621	2.61327
3622	2.61062
3623	2.61110
3624	2.61332
3625	2.60754
3626	2.61117
3627	2.61164
3628	2.61064
3629	2.60739
3630	2.60467
3631	2.61119
3632	2.61163
3633	2.60759
3634	2.61412
3635	2.61086
3636	2.60821
3637	2.61151
3638	2.61267
3639	2.61069
3640	2.61162
3641	2.60995
3642	2.61017
3643	2.60619
3644	2.60628
3645	2.61226
3646	2.60737
3647	2.61009
3648	2.60955
3649	2.60822
3650	2.61240
3651	2.60783
3652	2.61129
3653	2.61149
3654	2.61006
3655	2.60857
3656	2.61247
3657	2.61013
3658	2.61056
3659	2.60967
3660	2.61053
3661	2.61041
3662	2.60669
3663	2.60722
3664	2.61056
3665	2.60805
3666	2.60630
3667	2.61222
3668	2.60756
3669	2.60973
3670	2.61080
3671	2.60428
3672	2.61187
3673	2.60560
3674	2.61019
3675	2.61115
3676	2.61055
3677	2.60891
3678	2.60782
3679	2.60885
3680	2.61165
3681	2.60944
3682	2.61098
3683	2.60607
3684	2.60898
3685	2.61303
3686	2.60927
3687	2.61132
3688	2.60621
3689	2.61182
3690	2.60725
3691	2.60355
3692	2.60770
3693	2.60794
3694	2.61078
3695	2.60311
3696	2.60864
3697	2.61102
3698	2.61286
3699	2.60704
3700	2.61016
3701	2.61086
3702	2.61255
3703	2.60809
3704	2.61327
3705	2.60947
3706	2.60778
3707	2.60829
3708	2.60798
3709	2.60851
3710	2.60917
3711	2.61430
3712	2.60476
3713	2.60862
3714	2.60613
3715	2.61180
3716	2.60924
3717	2.60868
3718	2.60448
3719	2.60922
3720	2.60549
3721	2.60728
3722	2.60860
3723	2.61046
3724	2.60778
3725	2.61251
3726	2.60819
3727	2.60716
3728	2.61181
3729	2.60966
3730	2.61093
3731	2.60852
3732	2.60908
3733	2.60854
3734	2.61197
3735	2.60970
3736	2.60441
3737	2.61387
3738	2.60961
3739	2.60989
3740	2.61238
3741	2.60646
3742	2.60478
3743	2.60701
3744	2.61218
3745	2.60669
3746	2.60805
3747	2.60969
3748	2.60754
3749	2.60566
3750	2.60264
3751	2.60904
3752	2.60873
3753	2.60900
3754	2.60452
3755	2.60546
3756	2.61239
3757	2.61059
3758	2.60703
3759	2.61051
3760	2.60891
3761	2.60999
3762	2.61356
3763	2.60842
3764	2.60483
3765	2.61524
3766	2.61032
3767	2.60788
3768	2.60813
3769	2.60639
3770	2.61287
3771	2.61151
3772	2.60690
3773	2.60859
3774	2.60635
3775	2.60968
3776	2.60184
3777	2.60898
3778	2.61288
3779	2.60915
3780	2.61187
3781	2.61084
3782	2.61072
3783	2.60349
3784	2.60478
3785	2.61346
3786	2.61026
3787	2.60764
3788	2.60674
3789	2.60332
3790	2.60527
3791	2.60534
3792	2.60684
3793	2.60497
3794	2.60760
3795	2.60686
3796	2.60849
3797	2.60179
3798	2.60601
3799	2.60576
3800	2.60629
3801	2.61067
3802	2.60826
3803	2.60798
3804	2.61057
3805	2.61265
3806	2.60895
3807	2.60410
3808	2.60968
3809	2.60700
3810	2.61111
3811	2.60788
3812	2.60305
3813	2.60968
3814	2.60763
3815	2.60608
3816	2.60973
3817	2.61291
3818	2.60752
3819	2.60805
3820	2.61080
3821	2.60991
3822	2.61054
3823	2.61308
3824	2.60248
3825	2.61027
3826	2.60309
3827	2.60585
3828	2.60491
3829	2.60862
3830	2.60776
3831	2.61316
3832	2.60423
3833	2.60808
3834	2.60615
3835	2.60780
3836	2.60861
3837	2.60913
3838	2.60719
3839	2.60949
3840	2.60715
3841	2.61098
3842	2.60779
3843	2.60805
3844	2.60674
3845	2.60583
3846	2.61288
3847	2.60880
3848	2.61015
3849	2.61015
3850	2.61121
3851	2.60992
3852	2.60784
3853	2.61122
3854	2.60382
3855	2.60937
3856	2.60341
3857	2.60631
3858	2.60684
3859	2.60792
3860	2.60784
3861	2.61214
3862	2.60480
3863	2.61008
3864	2.60121
3865	2.60878
3866	2.60841
3867	2.60138
3868	2.60688
3869	2.60927
3870	2.60585
3871	2.61326
3872	2.60194
3873	2.61096
3874	2.60831
3875	2.60474
3876	2.61011
3877	2.60812
3878	2.61045
3879	2.60346
3880	2.60999
3881	2.60840
3882	2.60693
3883	2.61184
3884	2.60345
3885	2.60306
3886	2.60996
3887	2.60611
3888	2.60958
3889	2.60816
3890	2.60701
3891	2.60704
3892	2.60823
3893	2.60749
3894	2.60761
3895	2.60759
3896	2.60877
3897	2.60000
3898	2.60330
3899	2.60733
3900	2.60895
3901	2.60752
3902	2.60558
3903	2.60535
3904	2.60720
3905	2.60251
3906	2.60847
3907	2.60583
3908	2.60459
3909	2.60949
3910	2.60650
3911	2.60799
3912	2.60770
3913	2.60356
3914	2.60899
3915	2.60820
3916	2.60658
3917	2.60713
3918	2.60955
3919	2.60383
3920	2.60638
3921	2.60374
3922	2.60672
3923	2.60732
3924	2.60303
3925	2.60824
3926	2.60507
3927	2.60230
3928	2.61128
3929	2.60277
3930	2.60467
3931	2.60532
3932	2.60557
3933	2.61028
3934	2.60738
3935	2.60872
3936	2.61073
3937	2.60805
3938	2.60654
3939	2.61065
3940	2.60987
3941	2.60598
3942	2.60826
3943	2.60622
3944	2.60906
3945	2.61279
3946	2.60426
3947	2.60435
3948	2.60304
3949	2.60306
3950	2.60595
3951	2.60966
3952	2.60609
3953	2.60464
3954	2.60120
3955	2.60391
3956	2.60608
3957	2.60722
3958	2.60910
3959	2.60540
3960	2.60437
3961	2.60591
3962	2.60381
3963	2.60873
3964	2.60707
3965	2.60579
3966	2.60642
3967	2.60583
3968	2.60822
3969	2.60668
3970	2.60883
3971	2.60994
3972	2.60562
3973	2.60503
3974	2.60666
3975	2.61048
3976	2.60551
3977	2.60187
3978	2.60691
3979	2.60440
3980	2.59808
3981	2.60905
3982	2.60511
3983	2.60301
3984	2.60880
3985	2.60814
3986	2.60720
3987	2.60350
3988	2.60546
3989	2.60437
3990	2.60582
3991	2.60448
3992	2.60534
3993	2.60448
3994	2.60690
3995	2.60279
3996	2.61229
3997	2.60324
3998	2.59861
3999	2.61017
4000	2.60606
4001	2.61038
4002	2.60610
4003	2.60827
4004	2.60369
4005	2.60685
4006	2.60623
4007	2.60240
4008	2.60591
4009	2.60532
4010	2.60179
4011	2.60440
4012	2.60989
4013	2.60658
4014	2.60407
4015	2.61003
4016	2.60306
4017	2.60314
4018	2.61071
4019	2.60599
4020	2.61065
4021	2.60776
4022	2.60295
4023	2.60763
4024	2.60712
4025	2.60238
4026	2.60506
4027	2.60930
4028	2.61108
4029	2.60575
4030	2.60535
4031	2.60845
4032	2.60115
4033	2.61085
4034	2.60827
4035	2.60538
4036	2.60469
4037	2.60404
4038	2.60747
4039	2.60430
4040	2.60289
4041	2.60759
4042	2.60665
4043	2.60671
4044	2.60343
4045	2.61007
4046	2.61125
4047	2.60612
4048	2.60319
4049	2.60669
4050	2.60647
4051	2.60186
4052	2.60161
4053	2.60964
4054	2.60504
4055	2.60881
4056	2.59860
4057	2.60671
4058	2.60814
4059	2.60979
4060	2.60519
4061	2.60242
4062	2.61098
4063	2.60729
4064	2.60297
4065	2.61225
4066	2.60283
4067	2.60945
4068	2.60259
4069	2.60877
4070	2.60407
4071	2.60364
4072	2.60997
4073	2.60330
4074	2.60499
4075	2.60076
4076	2.60963
4077	2.60673
4078	2.60249
4079	2.60874
4080	2.60452
4081	2.60626
4082	2.60598
4083	2.60428
4084	2.60821
4085	2.60459
4086	2.61009
4087	2.60254
4088	2.60353
4089	2.60130
4090	2.60769
4091	2.60361
4092	2.60709
4093	2.60423
4094	2.60536
4095	2.60718
4096	2.60404
4097	2.60729
4098	2.60143
4099	2.60747
4100	2.60475
4101	2.60943
4102	2.60993
4103	2.60407
4104	2.60411
4105	2.60747
4106	2.59703
4107	2.61143
4108	2.60484
4109	2.61082
4110	2.59940
4111	2.61018
4112	2.60265
4113	2.60477
4114	2.60658
4115	2.60182
4116	2.60376
4117	2.60509
4118	2.61055
4119	2.60564
4120	2.60318
4121	2.60728
4122	2.60357
4123	2.60815
4124	2.60741
4125	2.60272
4126	2.60197
4127	2.61149
4128	2.59902
4129	2.60665
4130	2.60449
4131	2.60675
4132	2.60414
4133	2.60855
4134	2.60389
4135	2.60624
4136	2.60316
4137	2.60501
4138	2.60587
4139	2.60068
4140	2.60571
4141	2.60361
4142	2.60843
4143	2.60521
4144	2.60360
4145	2.60889
4146	2.60893
4147	2.60546
4148	2.60471
4149	2.60471
4150	2.60940
4151	2.61213
4152	2.60500
4153	2.60602
4154	2.60520
4155	2.60366
4156	2.60840
4157	2.60709
4158	2.60352
4159	2.60594
4160	2.60989
4161	2.60300
4162	2.60940
4163	2.60506
4164	2.60422
4165	2.60371
4166	2.60534
4167	2.60801
4168	2.60321
4169	2.60870
4170	2.60090
4171	2.60556
4172	2.60233
4173	2.60488
4174	2.60342
4175	2.61157
4176	2.60513
4177	2.60233
4178	2.60411
4179	2.60322
4180	2.60484
4181	2.60681
4182	2.60529
4183	2.60719
4184	2.60759
4185	2.60079
4186	2.60319
4187	2.59822
4188	2.60268
4189	2.60507
4190	2.60514
4191	2.60131
4192	2.60344
4193	2.60582
4194	2.60690
4195	2.60607
4196	2.59899
4197	2.60633
4198	2.60390
4199	2.60231
4200	2.60455
4201	2.60371
4202	2.60509
4203	2.60559
4204	2.59979
4205	2.60437
4206	2.60468
4207	2.60856
4208	2.60245
4209	2.60149
4210	2.60474
4211	2.60368
4212	2.60198
4213	2.60260
4214	2.60393
4215	2.60436
4216	2.60330
4217	2.60416
4218	2.60235
4219	2.60370
4220	2.60433
4221	2.60276
4222	2.60205
4223	2.60156
4224	2.60377
4225	2.59985
4226	2.60624
4227	2.59961
4228	2.60547
4229	2.60294
4230	2.60115
4231	2.60304
4232	2.60863
4233	2.60366
4234	2.60399
4235	2.60553
4236	2.60346
4237	2.59886
4238	2.60682
4239	2.60236
4240	2.59918
4241	2.60178
4242	2.60295
4243	2.60534
4244	2.60059
4245	2.60104
4246	2.60574
4247	2.60297
4248	2.60465
4249	2.60769
4250	2.60252
4251	2.60803
4252	2.60000
4253	2.60401
4254	2.60475
4255	2.60353
4256	2.60378
4257	2.60356
4258	2.60530
4259	2.60501
4260	2.60604
4261	2.60281
4262	2.60204
4263	2.60568
4264	2.60746
4265	2.60654
4266	2.59747
4267	2.59912
4268	2.60111
4269	2.60107
4270	2.60427
4271	2.60288
4272	2.60610
4273	2.59764
4274	2.60645
4275	2.60206
4276	2.60321
4277	2.60514
4278	2.60875
4279	2.60240
4280	2.59983
4281	2.60076
4282	2.60138
4283	2.60450
4284	2.60415
4285	2.60535
4286	2.59865
4287	2.60277
4288	2.60413
4289	2.60044
4290	2.60288
4291	2.60357
4292	2.60177
4293	2.60318
4294	2.60327
4295	2.60252
4296	2.60047
4297	2.60258
4298	2.60278
4299	2.60252
4300	2.59946
4301	2.60038
4302	2.60286
4303	2.60130
4304	2.60533
4305	2.60322
4306	2.60308
4307	2.60431
4308	2.60346
4309	2.60883
4310	2.60689
4311	2.60016
4312	2.60498
4313	2.60123
4314	2.60142
4315	2.59914
4316	2.60132
4317	2.60597
4318	2.61021
4319	2.60062
4320	2.60262
4321	2.60592
4322	2.60527
4323	2.59996
4324	2.59902
4325	2.60466
4326	2.60658
4327	2.60365
4328	2.59626
4329	2.60103
4330	2.59965
4331	2.60131
4332	2.60229
4333	2.60450
4334	2.60304
4335	2.60063
4336	2.60976
4337	2.59641
4338	2.60419
4339	2.60200
4340	2.60389
4341	2.60890
4342	2.60360
4343	2.60452
4344	2.60433
4345	2.60379
4346	2.60241
4347	2.59957
4348	2.60533
4349	2.60365
4350	2.60000
4351	2.60612
4352	2.60579
4353	2.60143
4354	2.60108
4355	2.60001
4356	2.60769
4357	2.60266
4358	2.60289
4359	2.60613
4360	2.60459
4361	2.60094
4362	2.60045
4363	2.60582
4364	2.60202
4365	2.60296
4366	2.60518
4367	2.59957
4368	2.59664
4369	2.59545
4370	2.59893
4371	2.59995
4372	2.59894
4373	2.60135
4374	2.60148
4375	2.60043
4376	2.60496
4377	2.60051
4378	2.60386
4379	2.60159
4380	2.60181
4381	2.60471
4382	2.60420
4383	2.59688
4384	2.60325
4385	2.60106
4386	2.60180
4387	2.60108
4388	2.60112
4389	2.60455
4390	2.60293
4391	2.60276
4392	2.60394
4393	2.60081
4394	2.60396
4395	2.60305
4396	2.60691
4397	2.59865
4398	2.60439
4399	2.60481
4400	2.60200
4401	2.60245
4402	2.60785
4403	2.60168
4404	2.60461
4405	2.60671
4406	2.60061
4407	2.60446
4408	2.60235
4409	2.60036
4410	2.61137
4411	2.60657
4412	2.60304
4413	2.59859
4414	2.60100
4415	2.59889
4416	2.60408
4417	2.60098
4418	2.60124
4419	2.60187
4420	2.60094
4421	2.60240
4422	2.60307
4423	2.60288
4424	2.60187
4425	2.60231
4426	2.60534
4427	2.60164
4428	2.60317
4429	2.60774
4430	2.59836
4431	2.60185
4432	2.60247
4433	2.60319
4434	2.60078
4435	2.60816
4436	2.60153
4437	2.59726
4438	2.60550
4439	2.60113
4440	2.60180
4441	2.60014
4442	2.59975
4443	2.60190
4444	2.60509
4445	2.59994
4446	2.60423
4447	2.60555
4448	2.59817
4449	2.59844
4450	2.60277
4451	2.59985
4452	2.60154
4453	2.60141
4454	2.59832
4455	2.59899
4456	2.60167
4457	2.60626
4458	2.60270
4459	2.60504
4460	2.59930
4461	2.59851
4462	2.60039
4463	2.60302
4464	2.60716
4465	2.60050
4466	2.60193
4467	2.60008
4468	2.60765
4469	2.60041
4470	2.59838
4471	2.59989
4472	2.60229
4473	2.60297
4474	2.59875
4475	2.59940
4476	2.60710
4477	2.60164
4478	2.60226
4479	2.59689
4480	2.59627
4481	2.60181
4482	2.60234
4483	2.60187
4484	2.60444
4485	2.59934
4486	2.60580
4487	2.60443
4488	2.59940
4489	2.60036
4490	2.60037
4491	2.60293
4492	2.59588
4493	2.60023
4494	2.60249
4495	2.60155
4496	2.59760
4497	2.59728
4498	2.60120
4499	2.60465
4500	2.60121
4501	2.59968
4502	2.60079
4503	2.60179
4504	2.60269
4505	2.59974
4506	2.60157
4507	2.60360
4508	2.60344
4509	2.60213
4510	2.60158
4511	2.59896
4512	2.60029
4513	2.60226
4514	2.60053
4515	2.60004
4516	2.60650
4517	2.60067
4518	2.60239
4519	2.60805
4520	2.59975
4521	2.60420
4522	2.60044
4523	2.60130
4524	2.60145
4525	2.60130
4526	2.59771
4527	2.60310
4528	2.60125
4529	2.59830
4530	2.60670
4531	2.60024
4532	2.59984
4533	2.60014
4534	2.60298
4535	2.60090
4536	2.59818
4537	2.60243
4538	2.60054
4539	2.60067
4540	2.60254
4541	2.60157
4542	2.60316
4543	2.59772
4544	2.59614
4545	2.60439
4546	2.59935
4547	2.60034
4548	2.60128
4549	2.60170
4550	2.60033
4551	2.60494
4552	2.60096
4553	2.60129
4554	2.59943
4555	2.60486
4556	2.59871
4557	2.59976
4558	2.60294
4559	2.60347
4560	2.60225
4561	2.60545
4562	2.60353
4563	2.60069
4564	2.60266
4565	2.60061
4566	2.59939
4567	2.59977
4568	2.60015
4569	2.59906
4570	2.60033
4571	2.60421
4572	2.60391
4573	2.59637
4574	2.60410
4575	2.60019
4576	2.60222
4577	2.60218
4578	2.60389
4579	2.59065
4580	2.60405
4581	2.59815
4582	2.59890
4583	2.60091
4584	2.59550
4585	2.59045
4586	2.59987
4587	2.60291
4588	2.59755
4589	2.60204
4590	2.59893
4591	2.60260
4592	2.59759
4593	2.60644
4594	2.60743
4595	2.60371
4596	2.59922
4597	2.59884
4598	2.60816
4599	2.60539
4600	2.59642
4601	2.59587
4602	2.60335
4603	2.59301
4604	2.60440
4605	2.60065
4606	2.59721
4607	2.59782
4608	2.59695
4609	2.59709
4610	2.60245
4611	2.59883
4612	2.60256
4613	2.59942
4614	2.60378
4615	2.60461
4616	2.59835
4617	2.60050
4618	2.59666
4619	2.60259
4620	2.60010
4621	2.60376
4622	2.60174
4623	2.60017
4624	2.60004
4625	2.59710
4626	2.60491
4627	2.59888
4628	2.60017
4629	2.60284
4630	2.59881
4631	2.59633
4632	2.59908
4633	2.59485
4634	2.60219
4635	2.59788
4636	2.59669
4637	2.60210
4638	2.60029
4639	2.60155
4640	2.60266
4641	2.60267
4642	2.60159
4643	2.59975
4644	2.59788
4645	2.60214
4646	2.59935
4647	2.59979
4648	2.60044
4649	2.59732
4650	2.59926
4651	2.60223
4652	2.60018
4653	2.59459
4654	2.59868
4655	2.59775
4656	2.60290
4657	2.60013
4658	2.60387
4659	2.59735
4660	2.59419
4661	2.59676
4662	2.60198
4663	2.60376
4664	2.59691
4665	2.60076
4666	2.59772
4667	2.59673
4668	2.59781
4669	2.60201
4670	2.60336
4671	2.59974
4672	2.59853
4673	2.59738
4674	2.59579
4675	2.60029
4676	2.59862
4677	2.60369
4678	2.59902
4679	2.60089
4680	2.59941
4681	2.60215
4682	2.60167
4683	2.60141
4684	2.60444
4685	2.59740
4686	2.59757
4687	2.60373
4688	2.59655
4689	2.59802
4690	2.60022
4691	2.59980
4692	2.59629
4693	2.59315
4694	2.60408
4695	2.59660
4696	2.60256
4697	2.59829
4698	2.59894
4699	2.59790
4700	2.59693
4701	2.60217
4702	2.60019
4703	2.59700
4704	2.60408
4705	2.59290
4706	2.60155
4707	2.60055
4708	2.59604
4709	2.59840
4710	2.59951
4711	2.59877
4712	2.59943
4713	2.60164
4714	2.59844
4715	2.59773
4716	2.60190
4717	2.59631
4718	2.59298
4719	2.59905
4720	2.60534
4721	2.60407
4722	2.60418
4723	2.60155
4724	2.60282
4725	2.59812
4726	2.59608
4727	2.59770
4728	2.60204
4729	2.59510
4730	2.60363
4731	2.60205
4732	2.59857
4733	2.60366
4734	2.59290
4735	2.60575
4736	2.60124
4737	2.59736
4738	2.59980
4739	2.60422
4740	2.60155
4741	2.59913
4742	2.60121
4743	2.60147
4744	2.59921
4745	2.59445
4746	2.60048
4747	2.60033
4748	2.60352
4749	2.59666
4750	2.60156
4751	2.59704
4752	2.59661
4753	2.60233
4754	2.60179
4755	2.60186
4756	2.60103
4757	2.59935
4758	2.59462
4759	2.60238
4760	2.60023
4761	2.60035
4762	2.60419
4763	2.59791
4764	2.60144
4765	2.59894
4766	2.59420
4767	2.59449
4768	2.59948
4769	2.60561
4770	2.60081
4771	2.59857
4772	2.59752
4773	2.60005
4774	2.59505
4775	2.60202
4776	2.59824
4777	2.59743
4778	2.60350
4779	2.59809
4780	2.60198
4781	2.60442
4782	2.59761
4783	2.59851
4784	2.59911
4785	2.59664
4786	2.60110
4787	2.59817
4788	2.59720
4789	2.59484
4790	2.59823
4791	2.59958
4792	2.59724
4793	2.60148
4794	2.59530
4795	2.60084
4796	2.60028
4797	2.60177
4798	2.59531
4799	2.60050
4800	2.59772
4801	2.60118
4802	2.59812
4803	2.59564
4804	2.60164
4805	2.59559
4806	2.59370
4807	2.59629
4808	2.59371
4809	2.59699
4810	2.59892
4811	2.59856
4812	2.59624
4813	2.59416
4814	2.59650
4815	2.59531
4816	2.59530
4817	2.59415
4818	2.59787
4819	2.59423
4820	2.60091
4821	2.59893
4822	2.59571
4823	2.59877
4824	2.59976
4825	2.59862
4826	2.59593
4827	2.59860
4828	2.59859
4829	2.59981
4830	2.59532
4831	2.59618
4832	2.59159
4833	2.59375
4834	2.60095
4835	2.59881
4836	2.59919
4837	2.59998
4838	2.59990
4839	2.59761
4840	2.59738
4841	2.59817
4842	2.59901
4843	2.60119
4844	2.59568
4845	2.59531
4846	2.60014
4847	2.59368
4848	2.59809
4849	2.59463
4850	2.59727
4851	2.59972
4852	2.59909
4853	2.60274
4854	2.59861
4855	2.60183
4856	2.59996
4857	2.59950
4858	2.60380
4859	2.59514
4860	2.59783
4861	2.59844
4862	2.59991
4863	2.60053
4864	2.59786
4865	2.59214
4866	2.60162
4867	2.59508
4868	2.59458
4869	2.59469
4870	2.59665
4871	2.60372
4872	2.59634
4873	2.59813
4874	2.59860
4875	2.59115
4876	2.59820
4877	2.60187
4878	2.60086
4879	2.59616
4880	2.58934
4881	2.59870
4882	2.59826
4883	2.59559
4884	2.60119
4885	2.60256
4886	2.59681
4887	2.60597
4888	2.59779
4889	2.59987
4890	2.59909
4891	2.59731
4892	2.59439
4893	2.59277
4894	2.59440
4895	2.60078
4896	2.59484
4897	2.59673
4898	2.59568
4899	2.59952
4900	2.59975
4901	2.60574
4902	2.59550
4903	2.60026
4904	2.60152
4905	2.59681
4906	2.60050
4907	2.59556
4908	2.59561
4909	2.59769
4910	2.59996
4911	2.59449
4912	2.60050
4913	2.59847
4914	2.59659
4915	2.59729
4916	2.60043
4917	2.59777
4918	2.59942
4919	2.59612
4920	2.59591
4921	2.59519
4922	2.60233
4923	2.59635
4924	2.59469
4925	2.59334
4926	2.59417
4927	2.60206
4928	2.59729
4929	2.59680
4930	2.60075
4931	2.59347
4932	2.59728
4933	2.59298
4934	2.59886
4935	2.59694
4936	2.59612
4937	2.59823
4938	2.59024
4939	2.60049
4940	2.59339
4941	2.59730
4942	2.59514
4943	2.59762
4944	2.60104
4945	2.59627
4946	2.59866
4947	2.59351
4948	2.59564
4949	2.59698
4950	2.59919
4951	2.59673
4952	2.59688
4953	2.59684
4954	2.59935
4955	2.59876
4956	2.59461
4957	2.59778
4958	2.59878
4959	2.60144
4960	2.59881
4961	2.59911
4962	2.60050
4963	2.59938
4964	2.59467
4965	2.59999
4966	2.59509
4967	2.59388
4968	2.59656
4969	2.59855
4970	2.60218
4971	2.59897
4972	2.59456
4973	2.59635
4974	2.59589
4975	2.59408
4976	2.59729
4977	2.60050
4978	2.59902
4979	2.59706
4980	2.59516
4981	2.59753
4982	2.60099
4983	2.59657
4984	2.59922
4985	2.59430
4986	2.59668
4987	2.59503
4988	2.59025
4989	2.59439
4990	2.60223
4991	2.59540
4992	2.59961
4993	2.59964
4994	2.59910
4995	2.59445
4996	2.59574
4997	2.59700
4998	2.59716
4999	2.59654
5000	2.59695
5001	2.59677
5002	2.59486
5003	2.59862
5004	2.59654
5005	2.59709
5006	2.59774
5007	2.59441
5008	2.59301
5009	2.59930
5010	2.60261
5011	2.59711
5012	2.59700
5013	2.59933
5014	2.59393
5015	2.60184
5016	2.59510
5017	2.59597
5018	2.59494
5019	2.59319
5020	2.60291
5021	2.59823
5022	2.59688
5023	2.59651
5024	2.59464
5025	2.59659
5026	2.59494
5027	2.59305
5028	2.59739
5029	2.59661
5030	2.60168
5031	2.59452
5032	2.59378
5033	2.60093
5034	2.59461
5035	2.59596
5036	2.59497
5037	2.59236
5038	2.59676
5039	2.59686
5040	2.59789
5041	2.60325
5042	2.59675
5043	2.59871
5044	2.59133
5045	2.59481
5046	2.59867
5047	2.59506
5048	2.59315
5049	2.59724
5050	2.59685
5051	2.60039
5052	2.59473
5053	2.59717
5054	2.59825
5055	2.59411
5056	2.60288
5057	2.59679
5058	2.59358
5059	2.59687
5060	2.59609
5061	2.59807
5062	2.59124
5063	2.59550
5064	2.59798
5065	2.59875
5066	2.59584
5067	2.59556
5068	2.59833
5069	2.59505
5070	2.59431
5071	2.59414
5072	2.59457
5073	2.59165
5074	2.59649
5075	2.59699
5076	2.59435
5077	2.59609
5078	2.59552
5079	2.59842
5080	2.60256
5081	2.59959
5082	2.59672
5083	2.59630
5084	2.59468
5085	2.59602
5086	2.59965
5087	2.60214
5088	2.59599
5089	2.59875
5090	2.59428
5091	2.59946
5092	2.59249
5093	2.59410
5094	2.59824
5095	2.59494
5096	2.59048
5097	2.59920
5098	2.58998
5099	2.60065
5100	2.59486
5101	2.59040
5102	2.58995
5103	2.60082
5104	2.59797
5105	2.59040
5106	2.59894
5107	2.59799
5108	2.59464
5109	2.59612
5110	2.59429
5111	2.59583
5112	2.59457
5113	2.59295
5114	2.59666
5115	2.59445
5116	2.59790
5117	2.59073
5118	2.60001
5119	2.59465
5120	2.59278
5121	2.59349
5122	2.59180
5123	2.59544
5124	2.59969
5125	2.59481
5126	2.59630
5127	2.59316
5128	2.59723
5129	2.59930
5130	2.59683
5131	2.59479
5132	2.59526
5133	2.59998
5134	2.59614
5135	2.59546
5136	2.59396
5137	2.59841
5138	2.59325
5139	2.59351
5140	2.59630
5141	2.59330
5142	2.58962
5143	2.59267
5144	2.59614
5145	2.59621
5146	2.59115
5147	2.59869
5148	2.59674
5149	2.59751
5150	2.60204
5151	2.59630
5152	2.59863
5153	2.59361
5154	2.59859
5155	2.59117
5156	2.59761
5157	2.59601
5158	2.59595
5159	2.60154
5160	2.59325
5161	2.58783
5162	2.59910
5163	2.59508
5164	2.59358
5165	2.59655
5166	2.59430
5167	2.59408
5168	2.59304
5169	2.59108
5170	2.59477
5171	2.59214
5172	2.59873
5173	2.59460
5174	2.59872
5175	2.59231
5176	2.59319
5177	2.59355
5178	2.58974
5179	2.59235
5180	2.59292
5181	2.59284
5182	2.59320
5183	2.59302
5184	2.59229
5185	2.59396
5186	2.59345
5187	2.59345
5188	2.59277
5189	2.58832
5190	2.59135
5191	2.59776
5192	2.59481
5193	2.59626
5194	2.59057
5195	2.59542
5196	2.59293
5197	2.59389
5198	2.58922
5199	2.59122
5200	2.59204
5201	2.59513
5202	2.59208
5203	2.59902
5204	2.59287
5205	2.59956
5206	2.59408
5207	2.59927
5208	2.59345
5209	2.59648
5210	2.59253
5211	2.59283
5212	2.59547
5213	2.58816
5214	2.59381
5215	2.59458
5216	2.59278
5217	2.59914
5218	2.58982
5219	2.59553
5220	2.59460
5221	2.59635
5222	2.59253
5223	2.59414
5224	2.59323
5225	2.59606
5226	2.59473
5227	2.59213
5228	2.59063
5229	2.59218
5230	2.59123
5231	2.59205
5232	2.58997
5233	2.59584
5234	2.59043
5235	2.59329
5236	2.59300
5237	2.58707
5238	2.59495
5239	2.59097
5240	2.58961
5241	2.59339
5242	2.59385
5243	2.58858
5244	2.59370
5245	2.59394
5246	2.59195
5247	2.59419
5248	2.59271
5249	2.59566
5250	2.59404
5251	2.59422
5252	2.59026
5253	2.59748
5254	2.59783
5255	2.59409
5256	2.59157
5257	2.59262
5258	2.59160
5259	2.59478
5260	2.59178
5261	2.59541
5262	2.59662
5263	2.59094
5264	2.59531
5265	2.59213
5266	2.58817
5267	2.59506
5268	2.59295
5269	2.59658
5270	2.59173
5271	2.59575
5272	2.59699
5273	2.59192
5274	2.59472
5275	2.59203
5276	2.59061
5277	2.59384
5278	2.59289
5279	2.59537
5280	2.59773
5281	2.59506
5282	2.59090
5283	2.59042
5284	2.59728
5285	2.59000
5286	2.59259
5287	2.59894
5288	2.58571
5289	2.58932
5290	2.59261
5291	2.59253
5292	2.59284
5293	2.59174
5294	2.59396
5295	2.59018
5296	2.59177
5297	2.59183
5298	2.59043
5299	2.59555
5300	2.59069
5301	2.59087
5302	2.59429
5303	2.59004
5304	2.59581
5305	2.59054
5306	2.59411
5307	2.59177
5308	2.58854
5309	2.59016
5310	2.59620
5311	2.59272
5312	2.59383
5313	2.59345
5314	2.59078
5315	2.59057
5316	2.59649
5317	2.59032
5318	2.59359
5319	2.59423
5320	2.59131
5321	2.59415
5322	2.59068
5323	2.59652
5324	2.59487
5325	2.59437
5326	2.59094
5327	2.58777
5328	2.59393
5329	2.59102
5330	2.59375
5331	2.59198
5332	2.59166
5333	2.59466
5334	2.59289
5335	2.59124
5336	2.59433
5337	2.59175
5338	2.59226
5339	2.59625
5340	2.58997
5341	2.58974
5342	2.59605
5343	2.59271
5344	2.58920
5345	2.59004
5346	2.58756
5347	2.59435
5348	2.58816
5349	2.59043
5350	2.59299
5351	2.59447
5352	2.59218
5353	2.58872
5354	2.59865
5355	2.59218
5356	2.59662
5357	2.59097
5358	2.58993
5359	2.59374
5360	2.59333
5361	2.59400
5362	2.59006
5363	2.59178
5364	2.59248
5365	2.59496
5366	2.59318
5367	2.59113
5368	2.59512
5369	2.59192
5370	2.59306
5371	2.59520
5372	2.58992
5373	2.58841
5374	2.59305
5375	2.59321
5376	2.59048
5377	2.58572
5378	2.59445
5379	2.59534
5380	2.59056
5381	2.59615
5382	2.59472
5383	2.58875
5384	2.59073
5385	2.59495
5386	2.59202
5387	2.59465
5388	2.59145
5389	2.59289
5390	2.59225
5391	2.58938
5392	2.58877
5393	2.59278
5394	2.59410
5395	2.59074
5396	2.59166
5397	2.58981
5398	2.59696
5399	2.59125
5400	2.59187
5401	2.59322
5402	2.58761
5403	2.58720
5404	2.59280
5405	2.59628
5406	2.58736
5407	2.58555
5408	2.59237
5409	2.58607
5410	2.59008
5411	2.59171
5412	2.59008
5413	2.59131
5414	2.58965
5415	2.59246
5416	2.59477
5417	2.59051
5418	2.58869
5419	2.59228
5420	2.59502
5421	2.58800
5422	2.59400
5423	2.58916
5424	2.59270
5425	2.59167
5426	2.59679
5427	2.58896
5428	2.59139
5429	2.58828
5430	2.59350
5431	2.59485
5432	2.59804
5433	2.59133
5434	2.59041
5435	2.59311
5436	2.58981
5437	2.59282
5438	2.58879
5439	2.59317
5440	2.59229
5441	2.59505
5442	2.59114
5443	2.58874
5444	2.59343
5445	2.59214
5446	2.59021
5447	2.59817
5448	2.59120
5449	2.58505
5450	2.59215
5451	2.58947
5452	2.58993
5453	2.59213
5454	2.58880
5455	2.59047
5456	2.59032
5457	2.59079
5458	2.59142
5459	2.59213
5460	2.59146
5461	2.58868
5462	2.58852
5463	2.58639
5464	2.59537
5465	2.59087
5466	2.59041
5467	2.59429
5468	2.59225
5469	2.59295
5470	2.59016
5471	2.58884
5472	2.58934
5473	2.58944
5474	2.59145
5475	2.58858
5476	2.58789
5477	2.59224
5478	2.59045
5479	2.59331
5480	2.59337
5481	2.59146
5482	2.58987
5483	2.59369
5484	2.59233
5485	2.59278
5486	2.59176
5487	2.59392
5488	2.58719
5489	2.59363
5490	2.59237
5491	2.58965
5492	2.58870
5493	2.59325
5494	2.59175
5495	2.58982
5496	2.58607
5497	2.59018
5498	2.59024
5499	2.59228
5500	2.58707
5501	2.59559
5502	2.59018
5503	2.59236
5504	2.59362
5505	2.59075
5506	2.59568
5507	2.59128
5508	2.59289
5509	2.59724
5510	2.59300
5511	2.59127
5512	2.59122
5513	2.58635
5514	2.58845
5515	2.59305
5516	2.58868
5517	2.59175
5518	2.59254
5519	2.58681
5520	2.59172
5521	2.58695
5522	2.58821
5523	2.58558
5524	2.59027
5525	2.59394
5526	2.59074
5527	2.59149
5528	2.58858
5529	2.58641
5530	2.59143
5531	2.59006
5532	2.58979
5533	2.58510
5534	2.59152
5535	2.59394
5536	2.59397
5537	2.58728
5538	2.59151
5539	2.59169
5540	2.58845
5541	2.59151
5542	2.59139
5543	2.59394
5544	2.58557
5545	2.59343
5546	2.59019
5547	2.58876
5548	2.59155
5549	2.59086
5550	2.58628
5551	2.58989
5552	2.58712
5553	2.59050
5554	2.59030
5555	2.59144
5556	2.58835
5557	2.59058
5558	2.59082
5559	2.58677
5560	2.58931
5561	2.58915
5562	2.59197
5563	2.59113
5564	2.59198
5565	2.58581
5566	2.58856
5567	2.59091
5568	2.59016
5569	2.59691
5570	2.58724
5571	2.59461
5572	2.59314
5573	2.59632
5574	2.59165
5575	2.59321
5576	2.58630
5577	2.58383
5578	2.58272
5579	2.59465
5580	2.59463
5581	2.58595
5582	2.59007
5583	2.58741
5584	2.59042
5585	2.59093
5586	2.59652
5587	2.59014
5588	2.58473
5589	2.59034
5590	2.59009
5591	2.58342
5592	2.59152
5593	2.58738
5594	2.58806
5595	2.58297
5596	2.58888
5597	2.58749
5598	2.58522
5599	2.59078
5600	2.59100
5601	2.59325
5602	2.58973
5603	2.59113
5604	2.58919
5605	2.58587
5606	2.59024
5607	2.58873
5608	2.58975
5609	2.59160
5610	2.59251
5611	2.59205
5612	2.59233
5613	2.58979
5614	2.58572
5615	2.59053
5616	2.59001
5617	2.58950
5618	2.58912
5619	2.58812
5620	2.59033
5621	2.58598
5622	2.59152
5623	2.58990
5624	2.58857
5625	2.59092
5626	2.58980
5627	2.59378
5628	2.58537
5629	2.59110
5630	2.59151
5631	2.58927
5632	2.58571
5633	2.58673
5634	2.59245
5635	2.58815
5636	2.58758
5637	2.58367
5638	2.58948
5639	2.58870
5640	2.58647
5641	2.59013
5642	2.59538
5643	2.58656
5644	2.58985
5645	2.59279
5646	2.59273
5647	2.59078
5648	2.59290
5649	2.58750
5650	2.58733
5651	2.58894
5652	2.58667
5653	2.59162
5654	2.58816
5655	2.58660
5656	2.59203
5657	2.59370
5658	2.58832
5659	2.58698
5660	2.58554
5661	2.58673
5662	2.58587
5663	2.59109
5664	2.58862
5665	2.58935
5666	2.58695
5667	2.58981
5668	2.59069
5669	2.59110
5670	2.59053
5671	2.58504
5672	2.59270
5673	2.58555
5674	2.58889
5675	2.58886
5676	2.58593
5677	2.58460
5678	2.58843
5679	2.59042
5680	2.58828
5681	2.59067
5682	2.58558
5683	2.58921
5684	2.58553
5685	2.58899
5686	2.59352
5687	2.58123
5688	2.58700
5689	2.58965
5690	2.59128
5691	2.58312
5692	2.58341
5693	2.59058
5694	2.58949
5695	2.58909
5696	2.59552
5697	2.58694
5698	2.58719
5699	2.59579
5700	2.58987
5701	2.59143
5702	2.58312
5703	2.59223
5704	2.58814
5705	2.59064
5706	2.58766
5707	2.59224
5708	2.59020
5709	2.59177
5710	2.58681
5711	2.58877
5712	2.58389
5713	2.59002
5714	2.59005
5715	2.59036
5716	2.58509
5717	2.58673
5718	2.58564
5719	2.58779
5720	2.58956
5721	2.59098
5722	2.59010
5723	2.58231
5724	2.59007
5725	2.58889
5726	2.58547
5727	2.59451
5728	2.58566
5729	2.58560
5730	2.58753
5731	2.59007
5732	2.58868
5733	2.58576
5734	2.58875
5735	2.58899
5736	2.58923
5737	2.58916
5738	2.58429
5739	2.58759
5740	2.58692
5741	2.58583
5742	2.59345
5743	2.59186
5744	2.58436
5745	2.59289
5746	2.58936
5747	2.58784
5748	2.59016
5749	2.59072
5750	2.59325
5751	2.59228
5752	2.58608
5753	2.58597
5754	2.58784
5755	2.58665
5756	2.58954
5757	2.59130
5758	2.58844
5759	2.58360
5760	2.59284
5761	2.58935
5762	2.58869
5763	2.58963
5764	2.59205
5765	2.59125
5766	2.58331
5767	2.59144
5768	2.59244
5769	2.58772
5770	2.58972
5771	2.58628
5772	2.59046
5773	2.58873
5774	2.58744
5775	2.58694
5776	2.58478
5777	2.59233
5778	2.59100
5779	2.58993
5780	2.58706
5781	2.58690
5782	2.59225
5783	2.59294
5784	2.59008
5785	2.59285
5786	2.58673
5787	2.58962
5788	2.59036
5789	2.59245
5790	2.58934
5791	2.58737
5792	2.59141
5793	2.59246
5794	2.59108
5795	2.59043
5796	2.58414
5797	2.58849
5798	2.59286
5799	2.59324
5800	2.58478
5801	2.58361
5802	2.58816
5803	2.59022
5804	2.58698
5805	2.59080
5806	2.58557
5807	2.58862
5808	2.58861
5809	2.58863
5810	2.58588
5811	2.59130
5812	2.58647
5813	2.59312
5814	2.59033
5815	2.59047
5816	2.58637
5817	2.58773
5818	2.58712
5819	2.58684
5820	2.59247
5821	2.58707
5822	2.58888
5823	2.58953
5824	2.58692
5825	2.58703
5826	2.59593
5827	2.59023
5828	2.58937
5829	2.59488
5830	2.58653
5831	2.58832
5832	2.58843
5833	2.58914
5834	2.58856
5835	2.59019
5836	2.59214
5837	2.58829
5838	2.58868
5839	2.58787
5840	2.58732
5841	2.59186
5842	2.58768
5843	2.58867
5844	2.59176
5845	2.59240
5846	2.59001
5847	2.59019
5848	2.58337
5849	2.58643
5850	2.58675
5851	2.59305
5852	2.58984
5853	2.58853
5854	2.58399
5855	2.58945
5856	2.59082
5857	2.58944
5858	2.58810
5859	2.59095
5860	2.58306
5861	2.59203
5862	2.58479
5863	2.58534
5864	2.58726
5865	2.58997
5866	2.58060
5867	2.59123
5868	2.58706
5869	2.58785
5870	2.58793
5871	2.59136
5872	2.58624
5873	2.58727
5874	2.58824
5875	2.58568
5876	2.59453
5877	2.59033
5878	2.59255
5879	2.58779
5880	2.58795
5881	2.58808
5882	2.58949
5883	2.58753
5884	2.58563
5885	2.58903
5886	2.58876
5887	2.58667
5888	2.58913
5889	2.58801
5890	2.59055
5891	2.59184
5892	2.58693
5893	2.58766
5894	2.59351
5895	2.58795
5896	2.58896
5897	2.58890
5898	2.58402
5899	2.58733
5900	2.59055
5901	2.58743
5902	2.58310
5903	2.58911
5904	2.58950
5905	2.59220
5906	2.58725
5907	2.59386
5908	2.58840
5909	2.58334
5910	2.58493
5911	2.58706
5912	2.58331
5913	2.58636
5914	2.58965
5915	2.58769
5916	2.58882
5917	2.58480
5918	2.58874
5919	2.58812
5920	2.59170
5921	2.58476
5922	2.58768
5923	2.58907
5924	2.58647
5925	2.59014
5926	2.58762
5927	2.58922
5928	2.58811
5929	2.58763
5930	2.58408
5931	2.58055
5932	2.59297
5933	2.58409
5934	2.58799
5935	2.58453
5936	2.59035
5937	2.59326
5938	2.59020
5939	2.59494
5940	2.58976
5941	2.58482
5942	2.58893
5943	2.59363
5944	2.58677
5945	2.59202
5946	2.58409
5947	2.58773
5948	2.58688
5949	2.58524
5950	2.58323
5951	2.58787
5952	2.58528
5953	2.58544
5954	2.58913
5955	2.58665
5956	2.58460
5957	2.58954
5958	2.58671
5959	2.59240
5960	2.59009
