_step,_timestamp,grad_norm,lr,loss_metrics/global_avg_loss,loss_metrics/global_max_loss,n_tokens_seen,throughput(tps),tflops,mfu(%),source
1,1778482783.1850202,1.1964616775512695,1.61e-07,12.93655014038086,13.118179321289062,100663296.0,13.421836809705587,0.1501647025155936,0.05035893451249463,wandb
2,1778482790.834588,1.1961374282836914,3.22e-07,12.934035301208496,13.035524368286133,201326592.0,2143.7016348859834,23.98392432040801,8.04320092518834,wandb
3,1778482798.4666498,1.1968908309936523,4.83e-07,12.92900276184082,13.035839080810547,301989888.0,2149.247278352248,24.04596947213918,8.064008263267828,wandb
4,1778482806.2020984,1.1970449686050415,6.44e-07,12.922006607055664,13.074546813964844,402653184.0,2120.427676070885,23.72353320171238,7.955876680047131,wandb
5,1778482813.7679818,1.1976847648620605,8.049999999999999e-07,12.912230491638184,13.033613204956055,503316480.0,2173.788266926815,24.320536232336536,8.156086423211246,wandb
6,1778482821.0442708,1.1968467235565186,9.66e-07,12.900314331054688,12.99209976196289,603979776.0,2253.890506363063,25.216727202791414,8.456631235912083,wandb
7,1778482828.3444612,1.1975653171539307,1.127e-06,12.885799407958984,13.060795783996582,704643072.0,2244.9035178857685,25.11617997737528,8.422911919352867,wandb
8,1778482835.9091284,1.1980466842651367,1.288e-06,12.868806838989258,12.97203254699707,805306368.0,2166.3991163471646,24.237865759258383,8.128362218587144,wandb
9,1778482843.7186358,1.19770085811615,1.4489999999999998e-06,12.849538803100586,13.055660247802734,905969664.0,2098.46400347945,23.477801681682447,7.873468648615389,wandb
10,1778482851.241957,1.1982237100601196,1.6099999999999998e-06,12.82806396484375,12.949869155883789,1006632960.0,2178.303848999688,24.371056965696024,8.173028955378614,wandb
11,1778482859.0312364,1.1986881494522095,1.7709999999999999e-06,12.803869247436523,12.916996002197266,1107296256.0,2103.896236028953,23.538577982002362,7.893850467221561,wandb
12,1778482866.3152027,1.203693151473999,1.932e-06,12.77682113647461,12.969049453735352,1207959552.0,2249.9306123712245,25.172423557045416,8.441773653821143,wandb
13,1778482873.4802089,1.2078367471694946,2.0929999999999997e-06,12.74795913696289,12.921579360961914,1308622848.0,2287.310118162284,25.59062878833205,8.582022124349422,wandb
14,1778482881.184597,1.2128348350524902,2.254e-06,12.716535568237305,12.916385650634766,1409286144.0,2127.12597756897,23.798474393896477,7.981008808478546,wandb
15,1778482888.2165413,1.2149244546890259,2.4149999999999997e-06,12.68292236328125,12.921232223510742,1509949440.0,2330.5819367845234,26.074757738999857,8.744378641652489,wandb
16,1778482895.3618758,1.2214127779006958,2.576e-06,12.646127700805664,12.908246040344238,1610612736.0,2293.592751214031,25.660919445013857,8.605594658489473,wandb
17,1778482902.908208,1.2281336784362793,2.737e-06,12.607819557189941,12.84250259399414,1711276032.0,2171.710610757266,24.297291230549266,8.148291025869941,wandb
18,1778482910.7879748,1.2373496294021606,2.8979999999999996e-06,12.566128730773926,12.826807022094727,1811939328.0,2087.530857645669,23.355480674880894,7.832447320248411,wandb
19,1778482918.8325565,1.24705970287323,3.059e-06,12.522378921508789,12.799098014831543,1912602624.0,2053.9304916992746,22.97955679588492,7.706378239519702,wandb
20,1778482926.7998,1.258089542388916,3.2199999999999997e-06,12.47589111328125,12.804153442382812,2013265920.0,2099.5744332203644,23.490225268265487,7.8776349977817715,wandb
21,1778482935.3970406,1.2669286727905273,3.3809999999999995e-06,12.426733016967773,12.737643241882324,2113929216.0,1917.1509487069166,21.449255118486057,7.19317932748851,wandb
22,1778482943.599905,1.267096996307373,3.5419999999999997e-06,12.37554931640625,12.672910690307617,2214592512.0,1998.7706065097416,22.36242310042151,7.49941751682877,wandb
23,1778482954.2280965,1.2568044662475586,3.703e-06,12.323446273803711,12.648075103759766,2315255808.0,1544.3442268979586,17.278260397720725,5.794402874192701,wandb
24,1778482964.0502384,1.2624598741531372,3.864e-06,12.272488594055176,12.585373878479004,2415919104.0,1892.6013857346506,21.17459242716557,7.1010689962753695,wandb
25,1778482972.0706072,1.3758591413497925,4.025e-06,12.221885681152344,12.673516273498535,2516582400.0,2044.6260493319467,22.875457868147034,7.6714678311683855,wandb
26,1778482979.5322795,1.5863640308380127,4.185999999999999e-06,12.172215461730957,12.571037292480469,2617245696.0,2202.867920244807,24.645881976861993,8.265193721850716,wandb
27,1778482986.2857547,1.7501381635665894,4.347e-06,12.124361991882324,12.579766273498535,2717908992.0,2451.941231282115,27.43253630642776,9.199720548333056,wandb
28,1778482993.5274813,1.8210246562957764,4.508e-06,12.069461822509766,12.540412902832031,2818572288.0,2264.445403611228,25.334816330816512,8.496233369870534,wandb
29,1778483001.2479675,1.8199706077575684,4.668999999999999e-06,12.006711959838867,12.491231918334961,2919235584.0,2132.5903166467706,23.859609904907078,8.001511091264017,wandb
30,1778483008.003219,1.7633692026138306,4.8299999999999995e-06,11.94090461730957,12.503923416137695,3019898880.0,2447.6932848924257,27.385009904866344,9.183782189292938,wandb
31,1778483014.8498466,1.73330557346344,4.990999999999999e-06,11.871784210205078,12.479109764099121,3120562176.0,2395.177054523485,26.797453654376856,8.986740499434202,wandb
32,1778483021.7286806,1.811370611190796,5.152e-06,11.799764633178711,12.380810737609863,3221225472.0,2384.0454839500444,26.67291265396153,8.944974678445845,wandb
33,1778483028.2186525,1.9330044984817505,5.313e-06,11.722734451293945,12.488101959228516,3321888768.0,2563.3021961118693,28.678452673360276,9.617548571026235,wandb
34,1778483035.3462784,2.031071901321411,5.474e-06,11.637656211853027,12.262149810791016,3422552064.0,2307.4748279462,25.816233352666003,8.657680420145224,wandb
35,1778483042.7910614,2.1030938625335693,5.634999999999999e-06,11.545487403869629,12.259292602539062,3523215360.0,2222.7223920448787,24.868015571073634,8.339688000043473,wandb
36,1778483051.722117,2.1898906230926514,5.795999999999999e-06,11.446924209594727,12.322589874267578,3623878656.0,1835.6939279815747,20.53790673462087,6.8875513549203955,wandb
37,1778483060.010107,2.3179619312286377,5.956999999999999e-06,11.344335556030273,12.094508171081543,3724541952.0,1978.4021176036429,22.134538637166468,7.422994638687459,wandb
38,1778483067.282648,2.4759626388549805,6.118e-06,11.232244491577148,12.079662322998047,3825205248.0,2254.876682789279,25.22776063225194,8.460331384764263,wandb
39,1778483074.0100613,2.638659954071045,6.2789999999999995e-06,11.118751525878906,12.075150489807129,3925868544.0,2437.598249536227,27.272065752539007,9.145905464101606,wandb
40,1778483081.049741,2.77726411819458,6.439999999999999e-06,10.998369216918945,12.258925437927246,4026531840.0,2329.5091228935617,26.062755001887574,8.740353427723502,wandb
41,1778483087.684852,2.8668127059936523,6.600999999999999e-06,10.868194580078125,11.971639633178711,4127195136.0,2471.3369572234906,27.649537411220997,9.272493605132384,wandb
42,1778483094.7191668,2.8201582431793213,6.761999999999999e-06,10.73875617980957,11.85041618347168,4227858432.0,2331.12099280469,26.080788745638905,8.746401187985231,wandb
43,1778483101.8583176,2.564584255218506,6.922999999999999e-06,10.605344772338867,11.782661437988281,4328521728.0,2296.8612651925655,25.697487869754333,8.61785817232382,wandb
44,1778483109.733672,2.3161637783050537,7.0839999999999994e-06,10.49612045288086,11.711898803710938,4429185024.0,2082.151657354796,23.295297704181483,7.81226447947793,wandb
45,1778483116.7653472,3.3664653301239014,7.244999999999999e-06,10.424324035644531,11.539091110229492,4529848320.0,2332.245074125846,26.093365067314387,8.750618758086954,wandb
46,1778483124.5878704,5.889881134033203,7.406e-06,10.393353462219238,11.788284301757812,4630511616.0,2096.0700211360468,23.451017594562206,7.8644863906901294,wandb
47,1778483131.7337356,8.511857986450195,7.566999999999999e-06,10.37669563293457,11.437265396118164,4731174912.0,2294.9723263588203,25.676354254284174,8.61077084527795,wandb
48,1778483138.5446074,10.096464157104492,7.728e-06,10.340286254882812,11.365999221801758,4831838208.0,2407.6626590548613,26.937143706995116,9.033586676292039,wandb
49,1778483148.7973359,10.070592880249023,7.888999999999998e-06,10.242499351501465,11.437101364135742,4932501504.0,1598.9768676434776,17.88949523550833,5.999385367763087,wandb
50,1778483155.3458114,8.372968673706055,8.05e-06,10.093973159790039,11.374608993530273,5033164800.0,2504.2830332154776,28.018141036085172,9.396107780065908,wandb
51,1778483162.9602516,5.486667633056641,8.211e-06,9.941476821899414,11.363117218017578,5133828096.0,2153.6383545059994,24.09509722221543,8.080483647345384,wandb
52,1778483170.0327647,2.829507827758789,8.371999999999999e-06,9.825067520141602,11.190778732299805,5234491392.0,2319.290232705716,25.9484251507015,8.702011997332395,wandb
53,1778483176.9133668,2.464923858642578,8.533e-06,9.76115608215332,11.115421295166016,5335154688.0,2383.8745943471827,26.671000725904246,8.944333498073785,wandb
54,1778483183.8713357,2.9870479106903076,8.694e-06,9.721667289733887,11.084100723266602,5435817984.0,2357.2769539843925,26.373423962803763,8.844538749545174,wandb
55,1778483190.407443,3.0601370334625244,8.854999999999999e-06,9.683422088623047,11.087099075317383,5536481280.0,2509.6303442114577,28.077967226520524,9.416170971720106,wandb
56,1778483196.7189493,2.9594855308532715,9.016e-06,9.64398193359375,10.738037109375,5637144576.0,2601.21391201982,29.102612318711977,9.759793901954726,wandb
57,1778483203.524341,2.8970749378204346,9.176999999999999e-06,9.59539794921875,10.836145401000977,5737807872.0,2409.997719506375,26.96326857075474,9.042347858388625,wandb
58,1778483210.1749375,2.885607957839966,9.337999999999998e-06,9.541112899780273,10.791604995727539,5838471168.0,2466.306412820211,27.59325523356378,9.253618926520307,wandb
59,1778483217.9410384,2.872239112854004,9.498999999999998e-06,9.48428726196289,10.956313133239746,5939134464.0,2112.4584134370625,23.634372383439636,7.925975886230348,wandb
60,1778483226.5976348,2.7477195262908936,9.659999999999999e-06,9.420062065124512,10.707770347595215,6039797760.0,1894.3478499115668,21.19413202351881,7.107621756256041,wandb
61,1778483233.4861598,2.4347074031829834,9.820999999999998e-06,9.357208251953125,10.488372802734375,6140461056.0,2381.0294839112235,26.639169377609882,8.933658600728762,wandb
62,1778483240.1857638,2.020825147628784,9.981999999999999e-06,9.3001708984375,10.476178169250488,6241124352.0,2448.1253325430944,27.38984369236168,9.18540323860644,wandb
63,1778483247.0147514,2.340216636657715,1.0143e-05,9.260730743408203,10.710777282714844,6341787648.0,2401.816927113039,26.87174113874195,9.011653401717956,wandb
64,1778483253.66247,2.953188180923462,1.0304e-05,9.22674560546875,10.83228874206543,6442450944.0,2604.832640692278,29.143098976558345,9.773371426612384,wandb
65,1778483259.667616,2.5751352310180664,1.0464999999999999e-05,9.168069839477539,11.202529907226562,6543114240.0,2731.921637273476,30.56498195987853,10.25021126208581,wandb
66,1778483265.870123,1.7741044759750366,1.0626e-05,9.103874206542969,10.627971649169922,6643777536.0,2644.6520172361074,29.588601698565565,9.922774329071235,wandb
67,1778483273.191711,1.5910230875015259,1.0787e-05,9.05783462524414,10.65064811706543,6744440832.0,2239.9948039515334,25.06126084982818,8.404494350501487,wandb
68,1778483279.2330568,2.031642436981201,1.0948e-05,9.035205841064453,10.644604682922363,6845104128.0,2715.7332505581076,30.383864851260224,10.189472190525002,wandb
69,1778483285.1894708,2.1721601486206055,1.1108999999999998e-05,9.002193450927734,10.722663879394531,6945767424.0,2754.8866048863238,30.821916057555075,10.336376167567352,wandb
70,1778483291.8357456,1.9934953451156616,1.1269999999999999e-05,8.948661804199219,10.665902137756348,7046430720.0,2467.7797750648883,27.60973934123895,9.259147003924678,wandb
71,1778483297.8206027,1.4729691743850708,1.1430999999999998e-05,8.897317886352539,10.69915771484375,7147094016.0,2745.3251482033156,30.714941630822263,10.300501437620145,wandb
72,1778483304.1884499,1.4565616846084595,1.1591999999999998e-05,8.855632781982422,10.241094589233398,7247757312.0,2576.744838209899,28.82885014728982,9.667985567294888,wandb
73,1778483310.7526948,1.785834789276123,1.1752999999999999e-05,8.822590827941895,10.437942504882812,7348420608.0,2499.561354369535,27.96531447372059,9.378391969691883,wandb
74,1778483317.0648618,1.4351083040237427,1.1913999999999998e-05,8.781181335449219,10.187169075012207,7449083904.0,2605.79896482664,29.15391029681409,9.77699708936556,wandb
75,1778483323.402451,1.533869981765747,1.2074999999999999e-05,8.740180969238281,10.314350128173828,7549747200.0,2595.764640286054,29.041645382484898,9.739348152071742,wandb
76,1778483329.6110687,1.6119279861450195,1.2236e-05,8.699028015136719,10.16805648803711,7650410496.0,2641.098104812468,29.54884021066874,9.909439995958513,wandb
77,1778483336.2010803,1.32114577293396,1.2396999999999998e-05,8.64893913269043,10.044231414794922,7751073792.0,2488.516604645813,27.84174483268438,9.336951901843523,wandb
78,1778483342.3472548,1.2771388292312622,1.2557999999999999e-05,8.612422943115234,10.279757499694824,7851737088.0,2669.0598772027665,29.86167900407156,10.014352988466221,wandb
79,1778483354.242464,1.3091464042663574,1.2719e-05,8.568463325500488,10.014257431030273,7952400384.0,1378.3453562931331,15.421050287382263,5.171572603458703,wandb
80,1778483360.7607195,1.059387445449829,1.2879999999999999e-05,8.517471313476562,9.800009727478027,8053063680.0,2515.8642249342447,28.14771243781516,9.439560586385257,wandb
81,1778483366.4881825,1.3494882583618164,1.3041e-05,8.483139038085938,10.610297203063965,8153726976.0,2863.891200436285,32.041469155664274,10.745363057118267,wandb
82,1778483372.379266,1.2877657413482666,1.3201999999999998e-05,8.437223434448242,10.13811206817627,8254390272.0,2784.2915152021724,31.15090080626578,10.446703835377381,wandb
83,1778483378.5920923,1.0238912105560303,1.3362999999999997e-05,8.400362014770508,9.916923522949219,8355053568.0,2639.3865970387424,29.529691709659637,9.9030183929308,wandb
84,1778483384.4014816,1.0906014442443848,1.3523999999999998e-05,8.359580993652344,10.338611602783203,8455716864.0,2823.423267083982,31.58871032247125,10.593526759714399,wandb
85,1778483390.360096,1.0219213962554932,1.3684999999999999e-05,8.316940307617188,9.826719284057617,8556380160.0,2751.9763788063547,30.78935618965118,10.325456955342112,wandb
86,1778483396.1900995,1.0990082025527954,1.3845999999999998e-05,8.277838706970215,9.623305320739746,8657043456.0,2813.6976887375754,31.47989968798908,10.557036242806262,wandb
87,1778483401.9527247,0.9335190057754517,1.4006999999999998e-05,8.239691734313965,9.691961288452148,8757706752.0,2847.0213952585705,31.852728276757468,10.68206729319058,wandb
88,1778483407.7938259,1.027242660522461,1.4167999999999999e-05,8.202632904052734,9.597280502319336,8858370048.0,2808.326783327717,31.41980952115531,10.536884524554683,wandb
89,1778483413.764382,0.9871061444282532,1.4329e-05,8.169137954711914,9.368974685668945,8959033344.0,2749.2625331630757,30.758993443517834,10.31527456548262,wandb
90,1778483420.3817873,0.9837369918823242,1.4489999999999998e-05,8.129364013671875,9.629899024963379,9059696640.0,2482.7209892759806,27.77690297309059,9.315206665404801,wandb
91,1778483426.5315342,0.9117468595504761,1.4650999999999999e-05,8.094758987426758,9.35245132446289,9160359936.0,2667.9612557596865,29.849387529773644,10.010230944211736,wandb
92,1778483432.2574499,0.8409699201583862,1.4812e-05,8.056516647338867,9.374719619750977,9261023232.0,2876.506436137752,32.18260953332891,10.792695612084996,wandb
93,1778483438.1158867,0.9506369829177856,1.4972999999999999e-05,8.02015209197998,9.394194602966309,9361686528.0,2800.2060278051945,31.32895378698638,10.506415327130455,wandb
94,1778483444.0040023,0.8556028604507446,1.5133999999999998e-05,7.984642028808594,9.350179672241211,9462349824.0,2787.840361214437,31.19060561070209,10.46001915923807,wandb
95,1778483450.1072857,0.9662972688674927,1.5295e-05,7.947953224182129,9.428540229797363,9563013120.0,2688.463452838576,30.07876793194343,10.087155497437674,wandb
96,1778483456.0224314,1.207470178604126,1.5456e-05,7.9179229736328125,9.341045379638672,9663676416.0,2772.1121711021315,31.01463722255903,10.401006752285475,wandb
97,1778483463.7833529,1.0833181142807007,1.5616999999999996e-05,7.884978294372559,10.166098594665527,9764339712.0,2159.655816834168,24.16242112528619,8.103061256923867,wandb
98,1778483469.8570213,0.908416748046875,1.5777999999999997e-05,7.846360683441162,9.793818473815918,9865003008.0,2700.2813760335866,30.210987906458964,10.131496523832876,wandb
99,1778483476.0377924,0.9316534996032715,1.5938999999999998e-05,7.816514015197754,9.537342071533203,9965666304.0,2653.293434216179,29.685282639372957,9.955197056151322,wandb
100,1778483482.0229146,0.9106293320655823,1.61e-05,7.775907516479492,9.62354564666748,10066329600.0,2741.00063743419,30.666558620182343,10.284275807871504,wandb
101,1778483488.3836007,1.2971724271774292,1.6261e-05,7.748755931854248,9.210739135742188,10166992896.0,2578.7470482422127,28.851251050991664,9.675497889589302,wandb
102,1778483494.5752592,1.1283560991287231,1.6422e-05,7.713644981384277,9.539473533630371,10267656192.0,2649.954680931724,29.647928371038343,9.942670003379854,wandb
103,1778483500.445619,0.9735416769981384,1.6583e-05,7.680288314819336,10.032045364379883,10368319488.0,2795.1237764409925,31.27209310725713,10.48734664321971,wandb
104,1778483506.32235,1.784464955329895,1.6743999999999998e-05,7.66105842590332,9.376043319702148,10468982784.0,2791.762444220036,31.234486223775207,10.474734873937319,wandb
105,1778483513.1637104,1.3327183723449707,1.6904999999999998e-05,7.623879432678223,8.882471084594727,10569646080.0,2397.677245949271,26.825426018145556,8.99612125544137,wandb
106,1778483519.5527709,1.0894458293914795,1.7066e-05,7.588039875030518,9.400312423706055,10670309376.0,2567.506586525014,28.72549176678695,9.633323507384231,wandb
107,1778483525.9035797,1.176215410232544,1.7227e-05,7.569664001464844,9.595239639282227,10770972672.0,2583.8094369588716,28.907889505655756,9.694492048546344,wandb
108,1778483531.7890542,2.131535291671753,1.7388e-05,7.542926788330078,8.901735305786133,10871635968.0,2787.71302423352,31.18918095324799,10.459541388961622,wandb
109,1778483538.2847986,1.3191864490509033,1.7549e-05,7.506390571594238,8.9741849899292,10972299264.0,2525.675307769038,28.25747970410894,9.476371917425785,wandb
110,1778483559.8394227,2.9137792587280273,1.7709999999999998e-05,7.49313497543335,9.533048629760742,11072962560.0,760.428309609156,8.507739478274837,2.853138507641748,wandb
111,1778483572.3781493,1.8382892608642578,1.7871e-05,7.456647872924805,9.497843742370605,11173625856.0,1309.8500150028997,14.654718324448975,4.914577047980667,wandb
112,1778483585.1330013,1.442250370979309,1.8032e-05,7.42354679107666,9.039754867553711,11274289152.0,1288.3131289260498,14.413761729856514,4.833770326000344,wandb
113,1778483598.1624641,2.41277813911438,1.8192999999999997e-05,7.4161200523376465,8.81924819946289,11374952448.0,1261.5860592082342,14.114736899634536,4.7334899565760145,wandb
114,1778483610.3216627,1.9235892295837402,1.8353999999999997e-05,7.373353958129883,8.672054290771484,11475615744.0,1349.9371733142561,15.103217012658877,5.064984671677433,wandb
115,1778483659.26656,1.7223951816558838,1.8514999999999998e-05,7.358237266540527,8.703006744384766,11576279040.0,334.7571893182347,3.745293171243051,1.2560140324663607,wandb
116,1778483665.9457293,2.1289896965026855,1.8675999999999995e-05,7.33151388168335,9.578630447387695,11676942336.0,2453.671329194318,27.451892795557544,9.20621190184123,wandb
117,1778483674.6618853,1.611247181892395,1.8836999999999996e-05,7.287947654724121,8.794988632202148,11777605632.0,1881.6139208706074,21.051663694228175,7.059843862086093,wandb
118,1778483724.765173,2.5703275203704834,1.8997999999999997e-05,7.282559871673584,8.845114707946777,11878268928.0,327.0638088991238,3.659218947695669,1.2271483528877238,wandb
119,1778483833.8795354,1.2015811204910278,1.9158999999999997e-05,7.228836536407471,8.753771781921387,11978932224.0,150.16154638261455,1.6800207200791797,0.5634083909520343,wandb
120,1778483959.4671874,2.103529453277588,1.9319999999999998e-05,7.2165398597717285,9.073722839355469,12079595520.0,130.46472497724704,1.4596509324878892,0.48950561942228854,wandb
121,1778484073.20139,1.4910475015640259,1.9481e-05,7.186361789703369,9.24936294555664,12180258816.0,144.08595219828928,1.6120464326377661,0.5406126697708855,wandb
122,1778484165.9538343,1.2081223726272583,1.9641999999999996e-05,7.155344009399414,8.550439834594727,12280922112.0,176.65326289924946,1.976412397779453,0.662805711609374,wandb
123,1778484184.3393688,1.4556372165679932,1.9802999999999997e-05,7.142844200134277,8.222607612609863,12381585408.0,891.4090135456757,9.973163229194512,3.344580087915613,wandb
124,1778484190.8562663,1.3897629976272583,1.9963999999999997e-05,7.112471580505371,8.84604549407959,12482248704.0,2518.9327902048567,28.182043818649554,9.451073889646276,wandb
125,1778484197.615575,1.4822412729263306,2.0124999999999998e-05,7.112271308898926,8.951337814331055,12582912000.0,2426.7540170074635,27.15073951569234,9.105217739798524,wandb
126,1778484204.036099,1.0569087266921997,2.0286e-05,7.0607757568359375,9.019001960754395,12683575296.0,2554.659125460545,28.581753231132012,9.585119639346619,wandb
127,1778484210.046703,2.1040947437286377,2.0447e-05,7.073323726654053,8.705952644348145,12784238592.0,2728.3403931467046,30.524914682459137,10.236774380009958,wandb
128,1778484216.258754,1.232481837272644,2.0608e-05,7.026801109313965,8.698464393615723,12884901888.0,2640.070593352337,29.537344321176896,9.905584757434516,wandb
129,1778484222.4329116,1.4003925323486328,2.0768999999999997e-05,7.001509189605713,9.35677719116211,12985565184.0,2656.366443681519,29.71966374225276,9.966727034098115,wandb
130,1778484228.5627627,1.831749439239502,2.0929999999999998e-05,7.002688407897949,8.410247802734375,13086228480.0,2675.9455304030025,29.938716303742147,10.04018806331497,wandb
131,1778484234.6481729,1.005184531211853,2.1091e-05,6.9573235511779785,9.291322708129883,13186891776.0,2695.9092252012033,30.162071894559354,10.115092147847054,wandb
132,1778484240.7083244,1.6943618059158325,2.1252e-05,6.935798168182373,9.272836685180664,13287555072.0,2707.098178574463,30.28725489883649,10.15707326996738,wandb
133,1778484246.6435869,1.63715398311615,2.1413e-05,6.934819221496582,8.942639350891113,13388218368.0,2767.9580366457253,30.968160397240688,10.385420377036523,wandb
134,1778484252.658566,1.4302382469177246,2.1574e-05,6.895505905151367,9.383106231689453,13488881664.0,2727.5907598379363,30.516527718409208,10.233961744508584,wandb
135,1778484259.6863604,1.309028148651123,2.1734999999999998e-05,6.882883071899414,9.21208667755127,13589544960.0,2334.5797080436982,26.11948515897752,8.759378339822797,wandb
136,1778484265.943147,0.952868640422821,2.1896e-05,6.857114791870117,8.453078269958496,13690208256.0,2621.7787896284412,29.33269399621644,9.836953633475314,wandb
137,1778484272.5221972,1.2815215587615967,2.2057e-05,6.829463005065918,8.330140113830566,13790871552.0,2493.5759538681014,27.898349281215452,9.35593465657176,wandb
138,1778484278.848126,1.7486555576324463,2.2217999999999996e-05,6.835227012634277,8.326499938964844,13891534848.0,2592.687689234957,29.007220180793507,9.727803385235633,wandb
139,1778484290.1813345,1.143807291984558,2.2378999999999997e-05,6.8027448654174805,8.359354019165039,13992198144.0,1446.962534217447,16.188745369400635,5.429025291828746,wandb
140,1778484467.0398688,2.173530340194702,2.2539999999999998e-05,6.790177345275879,8.451043128967285,14092861440.0,92.64227576481025,1.0364900108553379,0.3475952184841744,wandb
141,1778484583.6146379,1.4695683717727661,2.2700999999999995e-05,6.789614200592041,9.366385459899902,14193524736.0,140.5677328005639,1.572684281485549,0.5274122574307114,wandb
142,1778484653.920985,1.2100670337677002,2.2861999999999996e-05,6.7469096183776855,8.683568954467773,14294188032.0,233.07716252538935,2.6076879990445576,0.8745090355655737,wandb
143,1778484710.7045507,1.7318572998046875,2.3022999999999996e-05,6.737800598144531,9.202816009521484,14394851328.0,288.5582590122164,3.228415435035942,1.08267494789742,wandb
144,1778484776.5649464,1.5061694383621216,2.3183999999999997e-05,6.7317585945129395,8.349170684814453,14495514624.0,248.94689134174774,2.7852399347817256,0.9340524978744089,wandb
145,1778484859.8536947,1.3692755699157715,2.3344999999999998e-05,6.692383766174316,8.168861389160156,14596177920.0,196.7549101890801,2.2013114133276104,0.7382273959745,wandb
146,1778484896.2644393,2.016845703125,2.3505999999999998e-05,6.6903533935546875,8.791679382324219,14696841216.0,450.2636895853687,5.0375901569051775,1.6893961667591735,wandb
147,1778484951.3909085,1.3723721504211426,2.3666999999999995e-05,6.674373626708984,7.972719669342041,14797504512.0,297.25602775322375,3.325726844350525,1.1153091076360093,wandb
148,1778484981.2426205,1.5419726371765137,2.3827999999999996e-05,6.650968551635742,9.128475189208984,14898167808.0,548.9720245418032,6.141947776856578,2.05975133098781,wandb
149,1778484997.6228938,1.3902995586395264,2.3988999999999997e-05,6.631289482116699,8.905035972595215,14998831104.0,1004.3603290431843,11.236872580671895,3.76837513034423,wandb
150,1778485026.424718,1.4600945711135864,2.4149999999999997e-05,6.627871036529541,8.420225143432617,15099494400.0,568.9589916104256,6.365563739902585,2.134742733430157,wandb
151,1778485072.601725,1.4382609128952026,2.4310999999999998e-05,6.593985557556152,8.165136337280273,15200157696.0,354.96179956742924,3.9713441455269773,1.3318220354107793,wandb
152,1778485129.558316,1.5392793416976929,2.4472e-05,6.583176612854004,8.18052864074707,15300820992.0,287.81587539209494,3.220109581146601,1.0798895133373894,wandb
153,1778485184.1437705,1.651955008506775,2.4633e-05,6.581606864929199,8.127559661865234,15401484288.0,300.1774683805855,3.3584121816068615,1.1262703970125174,wandb
154,1778485215.5207505,1.407019019126892,2.4793999999999997e-05,6.560827732086182,8.330541610717773,15502147584.0,522.2583861910458,5.843073217962383,1.9595213562556282,wandb
155,1778485232.874829,1.849367380142212,2.4954999999999997e-05,6.5429277420043945,9.136422157287598,15602810880.0,944.8277650324021,10.570816966122539,3.5450080506452752,wandb
156,1778485248.8608594,1.28187894821167,2.5115999999999998e-05,6.531008243560791,7.875098705291748,15703474176.0,1025.3464744808587,11.471667440069867,3.8471154651247357,wandb
157,1778485271.6572561,1.1376367807388306,2.5277e-05,6.4985809326171875,8.160492897033691,15804137472.0,718.9203613835894,8.04334486629314,2.6974000587188853,wandb
158,1778485298.090878,1.3128654956817627,2.5438e-05,6.491570949554443,9.07524299621582,15904800768.0,619.9798029459156,6.936389109404759,2.3261735884797683,wandb
159,1778485319.7953784,1.0842854976654053,2.5599e-05,6.487308025360107,7.851056098937988,16005464064.0,764.9804453631449,8.558669177465788,2.8702181897729853,wandb
160,1778485336.8140676,1.4217787981033325,2.5759999999999997e-05,6.473567962646484,7.985434055328369,16106127360.0,963.2380557626233,10.7767929342352,3.6140837396425347,wandb
161,1778485368.6847346,1.112587809562683,2.5920999999999998e-05,6.453091144561768,8.693572044372559,16206790656.0,514.1951362195327,5.752860861006472,1.92926792052769,wandb
162,1778485419.1429663,0.999200701713562,2.6082e-05,6.437896251678467,8.251712799072266,16307453952.0,324.7467298131235,3.6332952610507285,1.2184546371462406,wandb
163,1778485468.3650239,1.7754595279693604,2.6242999999999996e-05,6.427696704864502,8.141473770141602,16408117248.0,332.906941608651,3.724592435507024,1.249071875102963,wandb
164,1778485480.9017942,1.374527931213379,2.6403999999999997e-05,6.431975364685059,8.470226287841797,16508780544.0,1307.5479949529117,14.628963119636664,4.905939833969843,wandb
165,1778485502.3813918,1.2501506805419922,2.6564999999999997e-05,6.4109930992126465,8.067981719970703,16609443840.0,763.0213454664286,8.536750593790563,2.8628676173587215,wandb
166,1778485508.8268416,1.2329789400100708,2.6725999999999994e-05,6.383100986480713,9.224627494812012,16710107136.0,2544.405621432468,28.467036117226613,9.546648337303955,wandb
167,1778485531.546678,1.8021597862243652,2.6886999999999995e-05,6.377078056335449,7.849306106567383,16810770432.0,721.3830352205845,8.070897479945684,2.7066400481660224,wandb
168,1778485544.3021324,1.4760674238204956,2.7047999999999996e-05,6.374905586242676,8.52756118774414,16911433728.0,1285.2858060591175,14.37989177269813,4.822411764861098,wandb
169,1778485553.1643505,0.906428873538971,2.7208999999999996e-05,6.340291500091553,8.613815307617188,17012097024.0,1850.0685526377856,20.698731312201215,6.941485163829498,wandb
170,1778485571.2697392,1.4686135053634644,2.7369999999999997e-05,6.335573673248291,8.411971092224121,17112760320.0,905.2322751954952,10.12781910848067,3.3964451744937,wandb
171,1778485577.4751859,1.099056363105774,2.7530999999999998e-05,6.324136734008789,8.711750030517578,17213423616.0,2643.038498289081,29.570549505254117,9.916720381601898,wandb
172,1778485593.1922183,0.8206122517585754,2.7691999999999995e-05,6.2990827560424805,7.782347202301025,17314086912.0,1042.8996966571335,11.668054449065863,3.9129754199573767,wandb
173,1778485602.2752986,1.8065427541732788,2.7852999999999996e-05,6.298856258392334,7.933158874511719,17414750208.0,1805.0349783574975,20.19489168273088,6.7725185126774985,wandb
174,1778485619.0251749,1.0117145776748657,2.8013999999999996e-05,6.285015106201172,8.36836051940918,17515413504.0,978.5153361199845,10.947716503984724,3.671404326381381,wandb
175,1778485635.113468,0.8476504683494568,2.8174999999999997e-05,6.257321357727051,7.985133647918701,17616076800.0,1018.8489745422585,11.398972833570895,3.822736747178598,wandb
176,1778485641.834383,1.349839687347412,2.8335999999999998e-05,6.2633161544799805,8.049554824829102,17716740096.0,2440.1022715768486,27.300080973566768,9.155300592633516,wandb
177,1778485648.3420546,1.0075727701187134,2.8497e-05,6.2474846839904785,7.817265510559082,17817403392.0,2520.964063803428,28.20476988811247,9.458695258880438,wandb
178,1778485654.7135112,1.4808353185653687,2.8658e-05,6.241377830505371,8.623934745788574,17918066688.0,2573.739967489899,28.79523138674578,9.65671124695018,wandb
179,1778485660.9864466,0.98015958070755,2.8818999999999996e-05,6.215352535247803,7.824125289916992,18018729984.0,2616.7691135724253,29.27664529548219,9.818157253217489,wandb
180,1778485744.5412772,1.0611119270324707,2.8979999999999997e-05,6.2108845710754395,8.018147468566895,18119393280.0,196.1323880501286,2.1943465803371343,0.7358916835029129,wandb
181,1778485750.8039224,1.1650278568267822,2.9140999999999998e-05,6.203917026519775,7.796248912811279,18220056576.0,2619.40606384755,29.30614772940585,9.828051130493785,wandb
182,1778485763.0021877,0.717253565788269,2.9301999999999998e-05,6.1729936599731445,7.640490531921387,18320719872.0,1343.6084467348921,15.032410657495515,5.041239193925295,wandb
183,1778485774.8918254,1.0560282468795776,2.9463e-05,6.184899806976318,7.975008010864258,18421383168.0,1378.7841797063977,15.42595988271143,5.173219075535845,wandb
184,1778485795.9493027,0.9136420488357544,2.9624e-05,6.1635942459106445,7.606785774230957,18522046464.0,778.3750971958212,8.708529732043482,2.9204751258409045,wandb
185,1778485831.0927775,1.123549222946167,2.9784999999999997e-05,6.153739929199219,8.532350540161133,18622709760.0,466.3303441654154,5.2173453155798,1.749678497508894,wandb
186,1778485856.8464708,1.1069848537445068,2.9945999999999998e-05,6.158045768737793,7.7174577713012695,18723373056.0,636.4943907090417,7.1211557843224735,2.3881365713006235,wandb
187,1778485880.344738,0.8344547748565674,3.0106999999999998e-05,6.131788730621338,7.690379619598389,18824036352.0,697.833464255343,7.807422788031074,2.6182817020730065,wandb
188,1778485894.6111484,1.3488281965255737,3.0267999999999995e-05,6.1222028732299805,7.7977824211120605,18924699648.0,1149.3314710155646,12.858822595135369,4.312309045522626,wandb
189,1778485923.30095,1.0821123123168945,3.0428999999999996e-05,6.121159553527832,7.5017409324646,19025362944.0,571.2124356561965,6.39077547206461,2.143197689539181,wandb
190,1778485946.907912,0.8151293992996216,3.059e-05,6.0876145362854,7.489810943603516,19126026240.0,694.0898667105977,7.765539086149206,2.6042356675197746,wandb
191,1778485966.2521482,1.3565070629119873,3.0751e-05,6.096975326538086,7.997550964355469,19226689536.0,847.4723228469514,9.481595630673077,3.1797289605354315,wandb
192,1778485980.621254,0.7765262126922607,3.0912e-05,6.075528144836426,7.949395179748535,19327352832.0,1141.001009915682,12.765620656338363,4.281053029603513,wandb
193,1778485993.8556762,1.4892476797103882,3.1073e-05,6.0756425857543945,7.807731628417969,19428016128.0,1238.1621989421967,13.852668670189754,4.645603278925886,wandb
194,1778486010.5185707,0.9321738481521606,3.123399999999999e-05,6.061194896697998,7.921191215515137,19528679424.0,984.8833716775904,11.018962651488554,3.6952972920138363,wandb
195,1778486017.9882977,0.646470308303833,3.139499999999999e-05,6.049910545349121,7.941720962524414,19629342720.0,2195.4917695458025,24.563356947603314,8.237518292975226,wandb
196,1778486024.8161383,1.0422532558441162,3.1555999999999994e-05,6.033020496368408,7.709731578826904,19730006016.0,2401.2311349980855,26.865187244522765,9.009455500851395,wandb
197,1778486031.0324152,1.110048532485962,3.1716999999999995e-05,6.025242328643799,8.454063415527344,19830669312.0,2638.6747387842024,29.52172737627205,9.900347490003666,wandb
198,1778486037.4591994,0.9698247313499451,3.1877999999999995e-05,6.018065452575684,7.538004398345947,19931332608.0,2552.6806592459466,28.55961797537197,9.577696404215038,wandb
199,1778486043.5791776,1.1405596733093262,3.2038999999999996e-05,6.002939701080322,7.4040117263793945,20031995904.0,2683.0146342290445,30.017806065310538,10.066711447683662,wandb
200,1778486051.2337382,1.445786714553833,3.22e-05,5.998326301574707,7.652268409729004,20132659200.0,2142.0378947841705,23.96531024835557,8.03695854718741,wandb
