learning_rate,loss,timestamp,job_id,hostname,world_size,global_batch_size,seq_len
2.8e-06,12.017366409301758,2026-09-24T19:47:08.868045+00:00,12478624.sunspot-pbs-0001.head.cm.sunspot.alcf.anl.gov,x1921c0s0b0n0.hostmgmt2000.cm.sunspot.alcf.anl.gov,768,25165824,4096
3.002348221628905e-06,11.952843116991435,2026-09-24T19:47:08.868045+00:00,12478624.sunspot-pbs-0001.head.cm.sunspot.alcf.anl.gov,x1921c0s0b0n0.hostmgmt2000.cm.sunspot.alcf.anl.gov,768,25165824,4096
3.2193195871136606e-06,12.170670184873748,2026-09-24T19:47:08.868045+00:00,12478624.sunspot-pbs-0001.head.cm.sunspot.alcf.anl.gov,x1921c0s0b0n0.hostmgmt2000.cm.sunspot.alcf.anl.gov,768,25165824,4096
3.451970870437786e-06,12.02568695359399,2026-09-24T19:47:08.868045+00:00,12478624.sunspot-pbs-0001.head.cm.sunspot.alcf.anl.gov,x1921c0s0b0n0.hostmgmt2000.cm.sunspot.alcf.anl.gov,768,25165824,4096
3.7014352157048824e-06,11.902356680254213,2026-09-24T19:47:08.868045+00:00,12478624.sunspot-pbs-0001.head.cm.sunspot.alcf.anl.gov,x1921c0s0b0n0.hostmgmt2000.cm.sunspot.alcf.anl.gov,768,25165824,4096
3.968927656195056e-06,11.78392223570884,2026-09-24T19:47:08.868045+00:00,12478624.sunspot-pbs-0001.head.cm.sunspot.alcf.anl.gov,x1921c0s0b0n0.hostmgmt2000.cm.sunspot.alcf.anl.gov,768,25165824,4096
4.255751032268217e-06,11.665690579276825,2026-09-24T19:47:08.868045+00:00,12478624.sunspot-pbs-0001.head.cm.sunspot.alcf.anl.gov,x1921c0s0b0n0.hostmgmt2000.cm.sunspot.alcf.anl.gov,768,25165824,4096
4.563302336937807e-06,11.549633251525327,2026-09-24T19:47:08.868045+00:00,12478624.sunspot-pbs-0001.head.cm.sunspot.alcf.anl.gov,x1921c0s0b0n0.hostmgmt2000.cm.sunspot.alcf.anl.gov,768,25165824,4096
4.893079520021518e-06,11.433840077817239,2026-09-24T19:47:08.868045+00:00,12478624.sunspot-pbs-0001.head.cm.sunspot.alcf.anl.gov,x1921c0s0b0n0.hostmgmt2000.cm.sunspot.alcf.anl.gov,768,25165824,4096
5.246688784009079e-06,11.321233223163025,2026-09-24T19:47:08.868045+00:00,12478624.sunspot-pbs-0001.head.cm.sunspot.alcf.anl.gov,x1921c0s0b0n0.hostmgmt2000.cm.sunspot.alcf.anl.gov,768,25165824,4096
5.625852407182137e-06,11.227459180527703,2026-09-24T19:47:08.868045+00:00,12478624.sunspot-pbs-0001.head.cm.sunspot.alcf.anl.gov,x1921c0s0b0n0.hostmgmt2000.cm.sunspot.alcf.anl.gov,768,25165824,4096
6.032417132089281e-06,11.177005204621922,2026-09-24T19:47:08.868045+00:00,12478624.sunspot-pbs-0001.head.cm.sunspot.alcf.anl.gov,x1921c0s0b0n0.hostmgmt2000.cm.sunspot.alcf.anl.gov,768,25165824,4096
6.468363160232854e-06,11.155177372125884,2026-09-24T19:47:08.868045+00:00,12478624.sunspot-pbs-0001.head.cm.sunspot.alcf.anl.gov,x1921c0s0b0n0.hostmgmt2000.cm.sunspot.alcf.anl.gov,768,25165824,4096
6.935813796776798e-06,11.148737327946307,2026-09-24T19:47:08.868045+00:00,12478624.sunspot-pbs-0001.head.cm.sunspot.alcf.anl.gov,x1921c0s0b0n0.hostmgmt2000.cm.sunspot.alcf.anl.gov,768,25165824,4096
7.4370457922507304e-06,11.171129435581149,2026-09-24T19:47:08.868045+00:00,12478624.sunspot-pbs-0001.head.cm.sunspot.alcf.anl.gov,x1921c0s0b0n0.hostmgmt2000.cm.sunspot.alcf.anl.gov,768,25165824,4096
7.974500431620254e-06,11.192195573872382,2026-09-24T19:47:08.868045+00:00,12478624.sunspot-pbs-0001.head.cm.sunspot.alcf.anl.gov,x1921c0s0b0n0.hostmgmt2000.cm.sunspot.alcf.anl.gov,768,25165824,4096
8.550795424733574e-06,11.197960786938005,2026-09-24T19:47:08.868045+00:00,12478624.sunspot-pbs-0001.head.cm.sunspot.alcf.anl.gov,x1921c0s0b0n0.hostmgmt2000.cm.sunspot.alcf.anl.gov,768,25165824,4096
9.168737656057654e-06,11.188864017584137,2026-09-24T19:47:08.868045+00:00,12478624.sunspot-pbs-0001.head.cm.sunspot.alcf.anl.gov,x1921c0s0b0n0.hostmgmt2000.cm.sunspot.alcf.anl.gov,768,25165824,4096
9.831336855802383e-06,11.169755533669909,2026-09-24T19:47:08.868045+00:00,12478624.sunspot-pbs-0001.head.cm.sunspot.alcf.anl.gov,x1921c0s0b0n0.hostmgmt2000.cm.sunspot.alcf.anl.gov,768,25165824,4096
1.0541820259018929e-05,11.13499857453232,2026-09-24T19:47:08.868045+00:00,12478624.sunspot-pbs-0001.head.cm.sunspot.alcf.anl.gov,x1921c0s0b0n0.hostmgmt2000.cm.sunspot.alcf.anl.gov,768,25165824,4096
1.1303648324070372e-05,11.070923698086819,2026-09-24T19:47:08.868045+00:00,12478624.sunspot-pbs-0001.head.cm.sunspot.alcf.anl.gov,x1921c0s0b0n0.hostmgmt2000.cm.sunspot.alcf.anl.gov,768,25165824,4096
1.2120531587032584e-05,10.985753881707119,2026-09-24T19:47:08.868045+00:00,12478624.sunspot-pbs-0001.head.cm.sunspot.alcf.anl.gov,x1921c0s0b0n0.hostmgmt2000.cm.sunspot.alcf.anl.gov,768,25165824,4096
1.2996448734115806e-05,10.899405078095878,2026-09-24T19:47:08.868045+00:00,12478624.sunspot-pbs-0001.head.cm.sunspot.alcf.anl.gov,x1921c0s0b0n0.hostmgmt2000.cm.sunspot.alcf.anl.gov,768,25165824,4096
1.3935665980129937e-05,10.81060757212442,2026-09-24T19:47:08.868045+00:00,12478624.sunspot-pbs-0001.head.cm.sunspot.alcf.anl.gov,x1921c0s0b0n0.hostmgmt2000.cm.sunspot.alcf.anl.gov,768,25165824,4096
1.4942757847377697e-05,10.721524389291853,2026-09-24T19:47:08.868045+00:00,12478624.sunspot-pbs-0001.head.cm.sunspot.alcf.anl.gov,x1921c0s0b0n0.hostmgmt2000.cm.sunspot.alcf.anl.gov,768,25165824,4096
1.6022629446180643e-05,10.64262148072944,2026-09-24T19:47:08.868045+00:00,12478624.sunspot-pbs-0001.head.cm.sunspot.alcf.anl.gov,x1921c0s0b0n0.hostmgmt2000.cm.sunspot.alcf.anl.gov,768,25165824,4096
1.7180540365556925e-05,10.566912871663899,2026-09-24T19:47:08.868045+00:00,12478624.sunspot-pbs-0001.head.cm.sunspot.alcf.anl.gov,x1921c0s0b0n0.hostmgmt2000.cm.sunspot.alcf.anl.gov,768,25165824,4096
1.8422130290411947e-05,10.491140154127692,2026-09-24T19:47:08.868045+00:00,12478624.sunspot-pbs-0001.head.cm.sunspot.alcf.anl.gov,x1921c0s0b0n0.hostmgmt2000.cm.sunspot.alcf.anl.gov,768,25165824,4096
1.975344647001225e-05,10.419717641967798,2026-09-24T19:47:08.868045+00:00,12478624.sunspot-pbs-0001.head.cm.sunspot.alcf.anl.gov,x1921c0s0b0n0.hostmgmt2000.cm.sunspot.alcf.anl.gov,768,25165824,4096
2.1180973171529663e-05,10.351267386858275,2026-09-24T19:47:08.868045+00:00,12478624.sunspot-pbs-0001.head.cm.sunspot.alcf.anl.gov,x1921c0s0b0n0.hostmgmt2000.cm.sunspot.alcf.anl.gov,768,25165824,4096
2.27116632621113e-05,10.282891700035655,2026-09-24T19:47:08.868045+00:00,12478624.sunspot-pbs-0001.head.cm.sunspot.alcf.anl.gov,x1921c0s0b0n0.hostmgmt2000.cm.sunspot.alcf.anl.gov,768,25165824,4096
2.4352972073297998e-05,10.212673972965838,2026-09-24T19:47:08.868045+00:00,12478624.sunspot-pbs-0001.head.cm.sunspot.alcf.anl.gov,x1921c0s0b0n0.hostmgmt2000.cm.sunspot.alcf.anl.gov,768,25165824,4096
2.611289371273023e-05,10.142612230741266,2026-09-24T19:47:08.868045+00:00,12478624.sunspot-pbs-0001.head.cm.sunspot.alcf.anl.gov,x1921c0s0b0n0.hostmgmt2000.cm.sunspot.alcf.anl.gov,768,25165824,4096
2.8000000000000078e-05,10.074316652913955,2026-09-24T19:47:08.868045+00:00,12478624.sunspot-pbs-0001.head.cm.sunspot.alcf.anl.gov,x1921c0s0b0n0.hostmgmt2000.cm.sunspot.alcf.anl.gov,768,25165824,4096
3.002348221628914e-05,10.005799998236816,2026-09-24T19:47:08.868045+00:00,12478624.sunspot-pbs-0001.head.cm.sunspot.alcf.anl.gov,x1921c0s0b0n0.hostmgmt2000.cm.sunspot.alcf.anl.gov,768,25165824,4096
3.21931958711367e-05,9.938849521266294,2026-09-24T19:47:08.868045+00:00,12478624.sunspot-pbs-0001.head.cm.sunspot.alcf.anl.gov,x1921c0s0b0n0.hostmgmt2000.cm.sunspot.alcf.anl.gov,768,25165824,4096
3.451970870437796e-05,9.871714831729935,2026-09-24T19:47:08.868045+00:00,12478624.sunspot-pbs-0001.head.cm.sunspot.alcf.anl.gov,x1921c0s0b0n0.hostmgmt2000.cm.sunspot.alcf.anl.gov,768,25165824,4096
3.701435215704893e-05,9.805086470468753,2026-09-24T19:47:08.868045+00:00,12478624.sunspot-pbs-0001.head.cm.sunspot.alcf.anl.gov,x1921c0s0b0n0.hostmgmt2000.cm.sunspot.alcf.anl.gov,768,25165824,4096
3.968927656195068e-05,9.740343917718745,2026-09-24T19:47:08.868045+00:00,12478624.sunspot-pbs-0001.head.cm.sunspot.alcf.anl.gov,x1921c0s0b0n0.hostmgmt2000.cm.sunspot.alcf.anl.gov,768,25165824,4096
4.255751032268229e-05,9.677668359361496,2026-09-24T19:47:08.868045+00:00,12478624.sunspot-pbs-0001.head.cm.sunspot.alcf.anl.gov,x1921c0s0b0n0.hostmgmt2000.cm.sunspot.alcf.anl.gov,768,25165824,4096
4.563302336937819e-05,9.614715580241997,2026-09-24T19:47:08.868045+00:00,12478624.sunspot-pbs-0001.head.cm.sunspot.alcf.anl.gov,x1921c0s0b0n0.hostmgmt2000.cm.sunspot.alcf.anl.gov,768,25165824,4096
4.893079520021532e-05,9.555204782610526,2026-09-24T19:47:08.868045+00:00,12478624.sunspot-pbs-0001.head.cm.sunspot.alcf.anl.gov,x1921c0s0b0n0.hostmgmt2000.cm.sunspot.alcf.anl.gov,768,25165824,4096
5.2466887840090945e-05,9.495286192177964,2026-09-24T19:47:08.868045+00:00,12478624.sunspot-pbs-0001.head.cm.sunspot.alcf.anl.gov,x1921c0s0b0n0.hostmgmt2000.cm.sunspot.alcf.anl.gov,768,25165824,4096
5.625852407182153e-05,9.43591530098894,2026-09-24T19:47:08.868045+00:00,12478624.sunspot-pbs-0001.head.cm.sunspot.alcf.anl.gov,x1921c0s0b0n0.hostmgmt2000.cm.sunspot.alcf.anl.gov,768,25165824,4096
6.032417132089297e-05,9.377609762957048,2026-09-24T19:47:08.868045+00:00,12478624.sunspot-pbs-0001.head.cm.sunspot.alcf.anl.gov,x1921c0s0b0n0.hostmgmt2000.cm.sunspot.alcf.anl.gov,768,25165824,4096
6.468363160232872e-05,9.318628714968892,2026-09-24T19:47:08.868045+00:00,12478624.sunspot-pbs-0001.head.cm.sunspot.alcf.anl.gov,x1921c0s0b0n0.hostmgmt2000.cm.sunspot.alcf.anl.gov,768,25165824,4096
6.935813796776819e-05,9.262021141201314,2026-09-24T19:47:08.868045+00:00,12478624.sunspot-pbs-0001.head.cm.sunspot.alcf.anl.gov,x1921c0s0b0n0.hostmgmt2000.cm.sunspot.alcf.anl.gov,768,25165824,4096
7.437045792250752e-05,9.20696050569961,2026-09-24T19:47:08.868045+00:00,12478624.sunspot-pbs-0001.head.cm.sunspot.alcf.anl.gov,x1921c0s0b0n0.hostmgmt2000.cm.sunspot.alcf.anl.gov,768,25165824,4096
7.974500431620278e-05,9.152565110848522,2026-09-24T19:47:08.868045+00:00,12478624.sunspot-pbs-0001.head.cm.sunspot.alcf.anl.gov,x1921c0s0b0n0.hostmgmt2000.cm.sunspot.alcf.anl.gov,768,25165824,4096
8.550795424733601e-05,9.104737366358947,2026-09-24T19:47:08.868045+00:00,12478624.sunspot-pbs-0001.head.cm.sunspot.alcf.anl.gov,x1921c0s0b0n0.hostmgmt2000.cm.sunspot.alcf.anl.gov,768,25165824,4096
9.168737656057679e-05,9.056693934069825,2026-09-24T19:47:08.868045+00:00,12478624.sunspot-pbs-0001.head.cm.sunspot.alcf.anl.gov,x1921c0s0b0n0.hostmgmt2000.cm.sunspot.alcf.anl.gov,768,25165824,4096
9.831336855802411e-05,9.010049767137568,2026-09-24T19:47:08.868045+00:00,12478624.sunspot-pbs-0001.head.cm.sunspot.alcf.anl.gov,x1921c0s0b0n0.hostmgmt2000.cm.sunspot.alcf.anl.gov,768,25165824,4096
0.00010541820259018958,8.985456923956441,2026-09-24T19:47:08.868045+00:00,12478624.sunspot-pbs-0001.head.cm.sunspot.alcf.anl.gov,x1921c0s0b0n0.hostmgmt2000.cm.sunspot.alcf.anl.gov,768,25165824,4096
0.00011303648324070405,8.961149743330907,2026-09-24T19:47:08.868045+00:00,12478624.sunspot-pbs-0001.head.cm.sunspot.alcf.anl.gov,x1921c0s0b0n0.hostmgmt2000.cm.sunspot.alcf.anl.gov,768,25165824,4096
0.0001212053158703262,8.945464429368085,2026-09-24T19:47:08.868045+00:00,12478624.sunspot-pbs-0001.head.cm.sunspot.alcf.anl.gov,x1921c0s0b0n0.hostmgmt2000.cm.sunspot.alcf.anl.gov,768,25165824,4096
0.00012996448734115844,8.922936831775097,2026-09-24T19:47:08.868045+00:00,12478624.sunspot-pbs-0001.head.cm.sunspot.alcf.anl.gov,x1921c0s0b0n0.hostmgmt2000.cm.sunspot.alcf.anl.gov,768,25165824,4096
0.0001393566598012998,8.90998978730558,2026-09-24T19:47:08.868045+00:00,12478624.sunspot-pbs-0001.head.cm.sunspot.alcf.anl.gov,x1921c0s0b0n0.hostmgmt2000.cm.sunspot.alcf.anl.gov,768,25165824,4096
0.00014942757847377742,8.89194065490783,2026-09-24T19:47:08.868045+00:00,12478624.sunspot-pbs-0001.head.cm.sunspot.alcf.anl.gov,x1921c0s0b0n0.hostmgmt2000.cm.sunspot.alcf.anl.gov,768,25165824,4096
0.0001602262944618069,8.871850758073446,2026-09-24T19:47:08.868045+00:00,12478624.sunspot-pbs-0001.head.cm.sunspot.alcf.anl.gov,x1921c0s0b0n0.hostmgmt2000.cm.sunspot.alcf.anl.gov,768,25165824,4096
0.00017180540365556972,8.849608853402406,2026-09-24T19:47:08.868045+00:00,12478624.sunspot-pbs-0001.head.cm.sunspot.alcf.anl.gov,x1921c0s0b0n0.hostmgmt2000.cm.sunspot.alcf.anl.gov,768,25165824,4096
0.00018422130290411998,8.827885115790846,2026-09-24T19:47:08.868045+00:00,12478624.sunspot-pbs-0001.head.cm.sunspot.alcf.anl.gov,x1921c0s0b0n0.hostmgmt2000.cm.sunspot.alcf.anl.gov,768,25165824,4096
0.00019753446470012305,8.807897985800361,2026-09-24T19:47:08.868045+00:00,12478624.sunspot-pbs-0001.head.cm.sunspot.alcf.anl.gov,x1921c0s0b0n0.hostmgmt2000.cm.sunspot.alcf.anl.gov,768,25165824,4096
0.00021180973171529724,8.787628949491948,2026-09-24T19:47:08.868045+00:00,12478624.sunspot-pbs-0001.head.cm.sunspot.alcf.anl.gov,x1921c0s0b0n0.hostmgmt2000.cm.sunspot.alcf.anl.gov,768,25165824,4096
0.00022711663262111361,8.76533446232369,2026-09-24T19:47:08.868045+00:00,12478624.sunspot-pbs-0001.head.cm.sunspot.alcf.anl.gov,x1921c0s0b0n0.hostmgmt2000.cm.sunspot.alcf.anl.gov,768,25165824,4096
0.0002435297207329807,8.744189272768214,2026-09-24T19:47:08.868045+00:00,12478624.sunspot-pbs-0001.head.cm.sunspot.alcf.anl.gov,x1921c0s0b0n0.hostmgmt2000.cm.sunspot.alcf.anl.gov,768,25165824,4096
0.00026112893712730307,8.730746154017552,2026-09-24T19:47:08.868045+00:00,12478624.sunspot-pbs-0001.head.cm.sunspot.alcf.anl.gov,x1921c0s0b0n0.hostmgmt2000.cm.sunspot.alcf.anl.gov,768,25165824,4096
0.0002800000000000016,8.717081402911887,2026-09-24T19:47:08.868045+00:00,12478624.sunspot-pbs-0001.head.cm.sunspot.alcf.anl.gov,x1921c0s0b0n0.hostmgmt2000.cm.sunspot.alcf.anl.gov,768,25165824,4096
0.00030023482216289226,8.704385703942686,2026-09-24T19:47:08.868045+00:00,12478624.sunspot-pbs-0001.head.cm.sunspot.alcf.anl.gov,x1921c0s0b0n0.hostmgmt2000.cm.sunspot.alcf.anl.gov,768,25165824,4096
0.00032193195871136796,8.689853986410032,2026-09-24T19:47:08.868045+00:00,12478624.sunspot-pbs-0001.head.cm.sunspot.alcf.anl.gov,x1921c0s0b0n0.hostmgmt2000.cm.sunspot.alcf.anl.gov,768,25165824,4096
0.0003451970870437806,8.672757737600907,2026-09-24T19:47:08.868045+00:00,12478624.sunspot-pbs-0001.head.cm.sunspot.alcf.anl.gov,x1921c0s0b0n0.hostmgmt2000.cm.sunspot.alcf.anl.gov,768,25165824,4096
0.00037014352157049043,8.662022067282884,2026-09-24T19:47:08.868045+00:00,12478624.sunspot-pbs-0001.head.cm.sunspot.alcf.anl.gov,x1921c0s0b0n0.hostmgmt2000.cm.sunspot.alcf.anl.gov,768,25165824,4096
0.00039689276561950793,8.66045990680449,2026-09-24T19:47:08.868045+00:00,12478624.sunspot-pbs-0001.head.cm.sunspot.alcf.anl.gov,x1921c0s0b0n0.hostmgmt2000.cm.sunspot.alcf.anl.gov,768,25165824,4096
0.00042557510322682415,8.657560197415776,2026-09-24T19:47:08.868045+00:00,12478624.sunspot-pbs-0001.head.cm.sunspot.alcf.anl.gov,x1921c0s0b0n0.hostmgmt2000.cm.sunspot.alcf.anl.gov,768,25165824,4096
0.0004563302336937833,8.658183386186813,2026-09-24T19:47:08.868045+00:00,12478624.sunspot-pbs-0001.head.cm.sunspot.alcf.anl.gov,x1921c0s0b0n0.hostmgmt2000.cm.sunspot.alcf.anl.gov,768,25165824,4096
0.0004893079520021546,8.659695130110771,2026-09-24T19:47:08.868045+00:00,12478624.sunspot-pbs-0001.head.cm.sunspot.alcf.anl.gov,x1921c0s0b0n0.hostmgmt2000.cm.sunspot.alcf.anl.gov,768,25165824,4096
0.000524668878400911,8.657665670656533,2026-09-24T19:47:08.868045+00:00,12478624.sunspot-pbs-0001.head.cm.sunspot.alcf.anl.gov,x1921c0s0b0n0.hostmgmt2000.cm.sunspot.alcf.anl.gov,768,25165824,4096
0.000562585240718217,8.655691945750984,2026-09-24T19:47:08.868045+00:00,12478624.sunspot-pbs-0001.head.cm.sunspot.alcf.anl.gov,x1921c0s0b0n0.hostmgmt2000.cm.sunspot.alcf.anl.gov,768,25165824,4096
0.0006032417132089315,8.660506153894612,2026-09-24T19:47:08.868045+00:00,12478624.sunspot-pbs-0001.head.cm.sunspot.alcf.anl.gov,x1921c0s0b0n0.hostmgmt2000.cm.sunspot.alcf.anl.gov,768,25165824,4096
0.0006468363160232892,8.662496547493173,2026-09-24T19:47:08.868045+00:00,12478624.sunspot-pbs-0001.head.cm.sunspot.alcf.anl.gov,x1921c0s0b0n0.hostmgmt2000.cm.sunspot.alcf.anl.gov,768,25165824,4096
0.0006935813796776839,8.66220919055249,2026-09-24T19:47:08.868045+00:00,12478624.sunspot-pbs-0001.head.cm.sunspot.alcf.anl.gov,x1921c0s0b0n0.hostmgmt2000.cm.sunspot.alcf.anl.gov,768,25165824,4096
0.0007437045792250774,8.670567909974126,2026-09-24T19:47:08.868045+00:00,12478624.sunspot-pbs-0001.head.cm.sunspot.alcf.anl.gov,x1921c0s0b0n0.hostmgmt2000.cm.sunspot.alcf.anl.gov,768,25165824,4096
0.0007974500431620302,8.68309142622639,2026-09-24T19:47:08.868045+00:00,12478624.sunspot-pbs-0001.head.cm.sunspot.alcf.anl.gov,x1921c0s0b0n0.hostmgmt2000.cm.sunspot.alcf.anl.gov,768,25165824,4096
0.0008550795424733625,8.696174310311198,2026-09-24T19:47:08.868045+00:00,12478624.sunspot-pbs-0001.head.cm.sunspot.alcf.anl.gov,x1921c0s0b0n0.hostmgmt2000.cm.sunspot.alcf.anl.gov,768,25165824,4096
0.0009168737656057706,8.709012783061745,2026-09-24T19:47:08.868045+00:00,12478624.sunspot-pbs-0001.head.cm.sunspot.alcf.anl.gov,x1921c0s0b0n0.hostmgmt2000.cm.sunspot.alcf.anl.gov,768,25165824,4096
0.000983133685580244,8.721110093756415,2026-09-24T19:47:08.868045+00:00,12478624.sunspot-pbs-0001.head.cm.sunspot.alcf.anl.gov,x1921c0s0b0n0.hostmgmt2000.cm.sunspot.alcf.anl.gov,768,25165824,4096
0.001054182025901899,8.734856956541918,2026-09-24T19:47:08.868045+00:00,12478624.sunspot-pbs-0001.head.cm.sunspot.alcf.anl.gov,x1921c0s0b0n0.hostmgmt2000.cm.sunspot.alcf.anl.gov,768,25165824,4096
0.001130364832407044,8.752657693088599,2026-09-24T19:47:08.868045+00:00,12478624.sunspot-pbs-0001.head.cm.sunspot.alcf.anl.gov,x1921c0s0b0n0.hostmgmt2000.cm.sunspot.alcf.anl.gov,768,25165824,4096
0.0012120531587032656,8.773777818097454,2026-09-24T19:47:08.868045+00:00,12478624.sunspot-pbs-0001.head.cm.sunspot.alcf.anl.gov,x1921c0s0b0n0.hostmgmt2000.cm.sunspot.alcf.anl.gov,768,25165824,4096
0.001299644873411588,8.807098640742216,2026-09-24T19:47:08.868045+00:00,12478624.sunspot-pbs-0001.head.cm.sunspot.alcf.anl.gov,x1921c0s0b0n0.hostmgmt2000.cm.sunspot.alcf.anl.gov,768,25165824,4096
0.001393566598013002,8.867502671588532,2026-09-24T19:47:08.868045+00:00,12478624.sunspot-pbs-0001.head.cm.sunspot.alcf.anl.gov,x1921c0s0b0n0.hostmgmt2000.cm.sunspot.alcf.anl.gov,768,25165824,4096
0.0014942757847377784,8.92968718922178,2026-09-24T19:47:08.868045+00:00,12478624.sunspot-pbs-0001.head.cm.sunspot.alcf.anl.gov,x1921c0s0b0n0.hostmgmt2000.cm.sunspot.alcf.anl.gov,768,25165824,4096
0.0016022629446180738,9.000338370534408,2026-09-24T19:47:08.868045+00:00,12478624.sunspot-pbs-0001.head.cm.sunspot.alcf.anl.gov,x1921c0s0b0n0.hostmgmt2000.cm.sunspot.alcf.anl.gov,768,25165824,4096
0.0017180540365557026,9.07385798983642,2026-09-24T19:47:08.868045+00:00,12478624.sunspot-pbs-0001.head.cm.sunspot.alcf.anl.gov,x1921c0s0b0n0.hostmgmt2000.cm.sunspot.alcf.anl.gov,768,25165824,4096
0.0018422130290412055,9.147224294153217,2026-09-24T19:47:08.868045+00:00,12478624.sunspot-pbs-0001.head.cm.sunspot.alcf.anl.gov,x1921c0s0b0n0.hostmgmt2000.cm.sunspot.alcf.anl.gov,768,25165824,4096
0.0019753446470012364,9.225097475562437,2026-09-24T19:47:08.868045+00:00,12478624.sunspot-pbs-0001.head.cm.sunspot.alcf.anl.gov,x1921c0s0b0n0.hostmgmt2000.cm.sunspot.alcf.anl.gov,768,25165824,4096
0.0021180973171529786,9.312433411594156,2026-09-24T19:47:08.868045+00:00,12478624.sunspot-pbs-0001.head.cm.sunspot.alcf.anl.gov,x1921c0s0b0n0.hostmgmt2000.cm.sunspot.alcf.anl.gov,768,25165824,4096
0.002271166326211143,9.398326190068655,2026-09-24T19:47:08.868045+00:00,12478624.sunspot-pbs-0001.head.cm.sunspot.alcf.anl.gov,x1921c0s0b0n0.hostmgmt2000.cm.sunspot.alcf.anl.gov,768,25165824,4096
0.0024352972073298142,9.49935798186511,2026-09-24T19:47:08.868045+00:00,12478624.sunspot-pbs-0001.head.cm.sunspot.alcf.anl.gov,x1921c0s0b0n0.hostmgmt2000.cm.sunspot.alcf.anl.gov,768,25165824,4096
0.002611289371273038,9.608216790229674,2026-09-24T19:47:08.868045+00:00,12478624.sunspot-pbs-0001.head.cm.sunspot.alcf.anl.gov,x1921c0s0b0n0.hostmgmt2000.cm.sunspot.alcf.anl.gov,768,25165824,4096
0.0028,9.7358317901327,2026-09-24T19:47:08.868045+00:00,12478624.sunspot-pbs-0001.head.cm.sunspot.alcf.anl.gov,x1921c0s0b0n0.hostmgmt2000.cm.sunspot.alcf.anl.gov,768,25165824,4096
